,gender,income,expenses,Investement fund,investment goal (in years),fund mng exp,fund performance,RISK TOLERANCE,1YR returns %,3YR returns %,5YR returns %,Total Expense %,fortnight,monthly,quarterly,yearly,smallcap,midcap,largecap,balanced,hybrid,debt,moneymarket,growth,equity
1,1,32227.00,14502.15,17724.85,9,5,0,medium,2.83,7.4,7.64,3.66,0,0,1,0,1,0,0,1,0,0,0,0,0
2,0,31920.00,14364.00,17556.00,4,8,1,medium,2.83,7.4,7.64,3.66,0,0,0,1,1,0,0,1,0,0,0,0,0
3,0,49066.00,22079.70,26986.30,10,10,1,medium,2.9,7.42,8.06,3.73,0,1,0,0,0,1,0,1,0,0,0,0,0
4,1,75796.00,34108.20,41687.80,1,12,0,low,2.39,6.89,7.36,3.36,1,0,0,0,1,0,0,0,1,0,0,0,0
5,1,88771.00,39946.95,48824.05,6,6,0,medium,2.39,6.89,7.36,3.36,1,0,0,0,0,1,0,1,0,0,0,0,0
6,1,21688.00,9759.60,11928.40,8,13,1,low,2.39,6.89,7.54,3.36,0,1,0,0,1,0,0,0,0,0,1,0,0
7,1,44676.00,20104.20,24571.80,2,13,1,medium,4.98,5.69,6.72,3.32,0,0,1,0,1,0,0,1,0,0,0,0,0
8,1,20631.00,9283.95,11347.05,1,10,0,medium,5.63,6.32,7.28,3.79,0,1,0,0,0,1,0,1,0,0,0,0,0
9,0,59092.00,26591.40,32500.60,1,15,1,medium,4.98,5.69,6.72,3.32,1,0,0,0,1,0,0,1,0,0,0,0,0
10,0,51131.00,23008.95,28122.05,4,12,0,medium,5.63,6.32,7.28,3.79,0,1,0,0,0,1,0,1,0,0,0,0,0
11,0,30578.00,13760.10,16817.90,7,13,0,low,5.78,5.94,6.87,4.11,1,0,0,0,0,0,1,0,0,0,1,0,0
12,1,32379.00,14570.55,17808.45,8,13,0,medium,6.43,6.6,7.45,4.56,0,0,1,0,1,0,0,0,0,1,0,0,0
13,0,44188.00,19884.60,24303.40,9,4,0,medium,2.51,10.56,15.6,0.94,0,1,0,0,0,1,0,1,0,0,0,0,0
14,0,63273.00,28472.85,34800.15,7,3,0,medium,2.57,10.6,-,0.99,1,0,0,0,0,0,1,1,0,0,0,0,0
15,0,92383.00,41572.35,50810.65,8,15,1,medium,2.57,10.6,-,0.99,0,0,1,0,1,0,0,1,0,0,0,0,0
16,0,95650.00,43042.50,52607.50,8,3,0,medium,2.54,10.59,-,0.95,0,0,1,0,0,1,0,0,0,1,0,0,0
17,0,51751.00,23287.95,28463.05,2,11,0,low,2.51,10.57,15.59,0.94,0,0,1,0,0,1,0,0,0,0,1,0,0
18,0,36184.00,16282.80,19901.20,5,11,1,medium,2.51,10.57,15.59,0.94,0,0,0,1,0,0,1,1,0,0,0,0,0
19,1,21716.00,9772.20,11943.80,3,5,0,low,0.29,11.32,13.1,-1.48,0,0,0,1,1,0,0,0,1,0,0,0,0
20,0,68440.00,30798.00,37642.00,10,4,0,medium,0.29,11.32,13.1,-1.48,0,1,0,0,1,0,0,1,0,0,0,0,0
21,1,90299.00,40634.55,49664.45,5,8,0,medium,2.32,12.19,13.63,0.47,1,0,0,0,1,0,0,0,0,1,0,0,0
22,0,87152.00,39218.40,47933.60,3,5,1,medium,-0.98,10.45,12.25,-2.36,1,0,0,0,0,0,1,1,0,0,0,0,0
23,1,28039.00,12617.55,15421.45,8,4,1,high,-0.98,10.45,12.25,-2.36,0,0,1,0,1,0,0,0,0,0,0,0,1
24,0,89833.00,40424.85,49408.15,7,12,1,low,1.03,11.18,12.7,-0.41,0,1,0,0,0,0,1,0,0,0,1,0,0
25,1,75521.00,33984.45,41536.55,6,9,1,medium,-2.05,21.07,-,-0.27,1,0,0,0,1,0,0,1,0,0,0,0,0
26,0,98604.00,44371.80,54232.20,9,10,0,medium,-2.05,21.07,-,-0.27,0,0,1,0,1,0,0,1,0,0,0,0,0
27,0,42830.00,19273.50,23556.50,7,4,1,high,-2.06,21.07,-,-0.24,0,1,0,0,0,0,1,0,0,0,0,0,1
28,1,36194.00,16287.30,19906.70,5,8,0,low,-3.28,19.86,-,-1.17,0,0,1,0,0,1,0,0,0,0,1,0,0
29,0,43718.00,19673.10,24044.90,2,12,1,medium,-3.28,19.86,-,-1.17,0,1,0,0,1,0,0,1,0,0,0,0,0
30,0,46901.00,21105.45,25795.55,9,12,0,low,-3.28,19.87,-,-1.14,0,1,0,0,0,0,1,0,0,0,1,0,0
31,0,85707.00,38568.15,47138.85,7,13,1,medium,4.17,8.06,9.04,1.85,0,0,1,0,0,0,1,1,0,0,0,0,0
32,0,27218.00,12248.10,14969.90,6,7,0,medium,2.49,7.57,8.75,1.83,0,0,1,0,1,0,0,0,0,1,0,0,0
33,0,23494.00,10572.30,12921.70,9,14,1,high,3.99,7.86,8.82,3.4,0,1,0,0,1,0,0,0,0,0,0,0,1
34,0,27854.00,12534.30,15319.70,8,7,0,high,2.49,7.57,8.75,1.83,1,0,0,0,0,1,0,0,0,0,0,0,1
35,0,58632.00,26384.40,32247.60,6,13,1,high,3.99,7.86,8.82,3.4,0,0,0,1,0,1,0,0,0,0,0,0,1
36,0,39115.00,17601.75,21513.25,4,4,0,medium,4.29,8.19,9.34,3.61,0,0,0,1,1,0,0,1,0,0,0,0,0
37,1,90693.00,40811.85,49881.15,5,8,0,medium,3.99,7.86,9.03,3.4,1,0,0,0,0,0,1,0,0,1,0,0,0
38,0,81374.00,36618.30,44755.70,10,11,1,medium,2.29,5.92,7.24,1.75,0,0,0,1,0,0,1,0,0,1,0,0,0
39,1,50953.00,22928.85,28024.15,9,7,0,medium,2,5.46,6.86,1.54,0,1,0,0,1,0,0,1,0,0,0,0,0
40,1,67166.00,30224.70,36941.30,9,14,1,medium,2.29,5.92,7.24,1.75,0,0,1,0,0,1,0,0,0,1,0,0,0
41,0,65593.00,29516.85,36076.15,1,14,0,high,2,5.46,6.86,1.54,1,0,0,0,0,1,0,0,0,0,0,0,1
42,0,67817.00,30517.65,37299.35,9,15,0,medium,2.32,5.74,6.82,2.12,0,1,0,0,0,1,0,0,0,1,0,0,0
43,1,43217.00,19447.65,23769.35,5,9,0,medium,2.02,5.38,6.51,1.9,0,0,1,0,0,1,0,1,0,0,0,0,0
44,1,55452.00,24953.40,30498.60,10,3,1,medium,2.32,5.74,6.82,2.12,0,1,0,0,0,1,0,1,0,0,0,0,0
45,0,81580.00,36711.00,44869.00,2,8,0,medium,2.02,5.38,6.51,1.9,0,0,1,0,1,0,0,1,0,0,0,0,0
46,0,69703.00,31366.35,38336.65,7,5,1,medium,3.99,7.86,8.99,3.4,0,1,0,0,1,0,0,0,0,1,0,0,0
47,0,49564.00,22303.80,27260.20,7,14,1,medium,2,5.43,6.8,1.54,0,0,1,0,0,1,0,1,0,0,0,0,0
48,0,68539.00,30842.55,37696.45,10,8,0,medium,2.03,5.41,6.5,1.9,1,0,0,0,0,1,0,1,0,0,0,0,0
49,0,88801.00,39960.45,48840.55,5,8,0,medium,6.42,6.88,4.57,5.48,0,0,0,1,0,1,0,1,0,0,0,0,0
50,1,27542.00,12393.90,15148.10,5,14,1,medium,6.82,6.25,4.51,5.74,1,0,0,0,0,1,0,1,0,0,0,0,0
51,0,75709.00,34069.05,41639.95,8,15,1,medium,6.6,10.42,13.76,-0.95,0,1,0,0,0,0,1,1,0,0,0,0,0
52,1,63131.00,28408.95,34722.05,6,10,0,medium,-0.61,10.24,13.41,-0.95,0,1,0,0,0,0,1,1,0,0,0,0,0
53,0,52272.00,23522.40,28749.60,6,8,1,high,-0.61,10.24,13.41,-0.95,0,0,1,0,1,0,0,0,0,0,0,0,1
54,1,75692.00,34061.40,41630.60,7,5,1,medium,-0.61,10.42,13.76,-0.95,0,0,0,1,0,1,0,1,0,0,0,0,0
55,1,84762.00,38142.90,46619.10,5,10,1,medium,-1.84,9.12,12.62,-1.82,0,1,0,0,0,1,0,1,0,0,0,0,0
56,0,29854.00,13434.30,16419.70,3,15,1,medium,-1.84,9.12,12.62,-1.82,0,0,0,1,0,0,1,1,0,0,0,0,0
57,0,20500.00,9225.00,11275.00,10,13,1,medium,-3.66,7.05,10.59,-3.6,0,0,1,0,0,1,0,1,0,0,0,0,0
58,1,26686.00,12008.70,14677.30,1,14,0,high,-3.66,7.05,10.59,-3.6,0,1,0,0,0,1,0,0,0,0,0,0,1
59,0,45495.00,20472.75,25022.25,1,10,1,medium,4.65,5.74,6.26,3.57,0,1,0,0,0,0,1,1,0,0,0,0,0
60,0,43330.00,19498.50,23831.50,7,5,1,medium,4.56,5.66,6.18,3.55,0,0,0,1,0,1,0,1,0,0,0,0,0
61,0,26822.00,12069.90,14752.10,6,6,0,medium,6.67,8,8.56,5.16,0,0,1,0,0,1,0,1,0,0,0,0,0
62,1,45393.00,20426.85,24966.15,4,9,1,medium,6.5,7.96,8.56,4.98,1,0,0,0,1,0,0,1,0,0,0,0,0
63,0,20146.00,9065.70,11080.30,10,4,1,medium,6.63,8.09,8.71,5.07,0,0,0,1,0,0,1,1,0,0,0,0,0
64,1,90854.00,40884.30,49969.70,7,11,1,medium,6.5,7.96,8.59,4.98,0,1,0,0,0,1,0,1,0,0,0,0,0
65,1,71194.00,32037.30,39156.70,5,3,0,medium,4.56,5.64,6.15,3.51,0,1,0,0,1,0,0,0,0,1,0,0,0
66,0,89224.00,40150.80,49073.20,9,5,0,low,4.22,5.39,6.02,3.17,0,0,1,0,0,0,1,0,1,0,0,0,0
67,0,99989.00,44995.05,54993.95,8,13,0,medium,4.39,5.51,6.14,3.24,0,1,0,0,1,0,0,0,0,1,0,0,0
68,1,27701.00,12465.45,15235.55,9,4,0,low,4.39,5.51,6.14,3.24,0,0,0,1,1,0,0,0,1,0,0,0,0
69,0,95262.00,42867.90,52394.10,1,7,0,medium,4.22,5.39,6.04,3.17,1,0,0,0,0,1,0,1,0,0,0,0,0
70,1,74716.00,33622.20,41093.80,7,5,1,medium,2.58,6.89,8.37,1.74,0,0,1,0,0,0,1,1,0,0,0,0,0
71,0,30993.00,13946.85,17046.15,4,13,1,low,2.58,6.89,8.37,1.74,0,0,0,1,0,1,0,0,0,0,1,0,0
72,0,49476.00,22264.20,27211.80,9,7,0,high,4.53,8.22,9.18,3.68,0,1,0,0,1,0,0,0,0,0,0,0,1
73,1,33654.00,15144.30,18509.70,7,8,0,low,2.45,5.52,6.49,2.1,0,0,1,0,1,0,0,0,0,0,1,0,0
74,1,48494.00,21822.30,26671.70,4,14,1,medium,2.45,5.52,6.49,2.1,0,0,1,0,1,0,0,0,0,1,0,0,0
75,0,81370.00,36616.50,44753.50,8,14,1,medium,1.93,6.18,7.74,1.3,1,0,0,0,1,0,0,1,0,0,0,0,0
76,0,77931.00,35068.95,42862.05,4,4,0,medium,1.93,6.18,7.74,1.3,0,1,0,0,0,1,0,1,0,0,0,0,0
77,0,52260.00,23517.00,28743.00,1,11,0,high,3.86,7.5,8.54,3.21,0,0,1,0,1,0,0,0,0,0,0,0,1
78,0,30945.00,13925.25,17019.75,3,15,1,high,2.04,4.99,5.97,1.89,0,0,1,0,0,0,1,0,0,0,0,0,1
79,1,75354.00,33909.30,41444.70,3,14,1,medium,2.04,4.99,5.97,1.89,0,0,1,0,1,0,0,1,0,0,0,0,0
80,0,83669.00,37651.05,46017.95,1,3,0,medium,-4.99,16.83,27.6,-16.01,1,0,0,0,0,0,1,1,0,0,0,0,0
81,0,94026.00,42311.70,51714.30,2,7,0,medium,-4.99,16.83,27.6,-16.01,0,1,0,0,0,0,1,1,0,0,0,0,0
82,1,71443.00,32149.35,39293.65,2,5,0,high,-4.98,16.83,27.62,-16.02,0,0,0,1,1,0,0,0,0,0,0,0,1
83,0,65194.00,29337.30,35856.70,3,3,0,low,-6.81,15.3,26.14,-17.33,0,1,0,0,0,1,0,0,0,0,1,0,0
84,0,62815.00,28266.75,34548.25,5,10,0,medium,-6.81,15.3,26.14,-17.33,0,0,0,1,0,1,0,1,0,0,0,0,0
85,1,72301.00,32535.45,39765.55,5,8,1,high,-6.18,15.62,26.38,-16.77,0,0,0,1,0,1,0,0,0,0,0,0,1
86,0,98970.00,44536.50,54433.50,4,13,0,medium,9.07,14.27,21.94,-0.76,0,0,1,0,0,0,1,1,0,0,0,0,0
87,0,47517.00,21382.65,26134.35,6,11,0,medium,10.27,15.55,23.29,0.04,0,1,0,0,1,0,0,0,0,1,0,0,0
88,1,77763.00,34993.35,42769.65,10,13,1,medium,9.07,14.27,21.94,-0.76,0,0,1,0,1,0,0,1,0,0,0,0,0
89,0,87732.00,39479.40,48252.60,8,4,0,medium,10.27,15.55,23.29,0.04,0,0,1,0,0,1,0,1,0,0,0,0,0
90,1,77183.00,34732.35,42450.65,10,8,1,medium,9.06,14.25,22.08,-0.77,0,0,1,0,0,1,0,1,0,0,0,0,0
91,1,49929.00,22468.05,27460.95,8,4,1,high,10.27,15.55,23.32,0.05,0,0,1,0,0,0,1,0,0,0,0,0,1
92,0,74260.00,33417.00,40843.00,2,8,0,medium,8.32,14.32,22.59,-0.57,0,0,0,1,1,0,0,1,0,0,0,0,0
93,0,74499.00,33524.55,40974.45,10,13,1,medium,10.65,15.86,23.89,0.26,0,1,0,0,1,0,0,1,0,0,0,0,0
94,0,96146.00,43265.70,52880.30,2,15,0,low,8.32,14.32,22.59,-0.57,0,0,0,1,0,0,1,0,0,0,1,0,0
95,1,52008.00,23403.60,28604.40,10,12,1,medium,10.65,15.86,23.89,0.26,1,0,0,0,0,1,0,1,0,0,0,0,0
96,1,60574.00,27258.30,33315.70,2,3,1,medium,9.38,14.71,22.83,-0.59,0,0,1,0,1,0,0,1,0,0,0,0,0
97,0,71569.00,32206.05,39362.95,8,4,1,low,9.38,14.71,22.83,-0.59,0,1,0,0,1,0,0,0,0,0,1,0,0
98,1,27251.00,12262.95,14988.05,5,13,0,medium,10.68,15.89,23.91,0.27,1,0,0,0,1,0,0,1,0,0,0,0,0
99,1,71819.00,32318.55,39500.45,7,10,1,medium,6.26,9.5,-,5.01,0,0,0,1,0,0,1,1,0,0,0,0,0
100,0,92921.00,41814.45,51106.55,6,7,1,medium,2.07,7.23,-,2.05,0,0,0,1,0,1,0,1,0,0,0,0,0
101,0,20186.00,9083.70,11102.30,7,15,1,medium,0.53,6.72,-,0.28,0,0,1,0,1,0,0,1,0,0,0,0,0
102,0,30000.00,15000.00,15000.00,4,11,0,medium,6.27,6.72,-,4.38,0,1,0,0,0,1,0,0,0,1,0,0,0
103,0,50000.00,24000.00,26000.00,5,7,1,medium,6.58,6.82,-,4.66,0,1,0,0,1,0,0,1,0,0,0,0,0
104,0,50000.00,20000.00,30000.00,3,5,1,medium,5.41,5.84,-,3.75,0,1,0,0,1,0,0,1,0,0,0,0,0
105,0,24000.00,10000.00,14000.00,8,11,0,high,5.41,5.84,-,3.75,0,1,0,0,0,1,0,0,0,0,0,0,1
106,1,25000.00,10000.00,15000.00,7,8,1,medium,5.7,5.94,-,4.03,0,0,0,1,1,0,0,1,0,0,0,0,0
107,1,20000.00,10000.00,10000.00,2,4,1,medium,3.85,5.15,5.86,2.72,0,0,1,0,0,1,0,1,0,0,0,0,0
108,1,15000.00,5000.00,10000.00,5,9,1,high,4.06,5.31,5.96,2.89,1,0,0,0,0,0,1,0,0,0,0,0,1
109,0,45000.00,20000.00,25000.00,3,4,0,medium,5.49,7.34,8.21,3.84,0,1,0,0,0,0,1,1,0,0,0,0,0
110,1,35000.00,15000.00,20000.00,3,12,1,medium,3.7,5.2,5.93,2.61,1,0,0,0,1,0,0,0,0,1,0,0,0
111,0,60000.00,25000.00,35000.00,5,5,0,medium,3.7,5.2,5.93,2.61,0,0,1,0,0,1,0,1,0,0,0,0,0
112,0,36000.00,18000.00,18000.00,2,12,1,medium,3.8,5.22,-,2.61,0,1,0,0,0,1,0,0,0,1,0,0,0
113,0,46000.00,18000.00,28000.00,3,7,1,medium,3.8,5.22,-,2.61,0,0,1,0,0,1,0,1,0,0,0,0,0
114,1,70000.00,32000.00,38000.00,7,10,0,medium,5.21,7.13,8,3.62,0,1,0,0,1,0,0,0,0,1,0,0,0
115,0,55000.00,20000.00,35000.00,3,8,0,medium,3.49,5.04,5.78,2.45,0,0,1,0,1,0,0,1,0,0,0,0,0
116,0,39000.00,20000.00,19000.00,1,6,0,low,3.49,5.04,5.78,2.45,1,0,0,0,1,0,0,0,0,0,1,0,0
117,0,48000.00,25000.00,23000.00,5,15,1,medium,3.59,5.07,5.8,2.45,0,1,0,0,0,0,1,1,0,0,0,0,0
118,1,20000.00,10000.00,10000.00,9,9,1,medium,3.59,5.07,5.8,2.45,0,1,0,0,1,0,0,0,0,1,0,0,0
119,0,90000.00,57000.00,33000.00,8,9,0,medium,13.04,14.75,17.41,8.95,1,0,0,0,0,1,0,1,0,0,0,0,0
120,0,80000.00,30000.00,50000.00,5,5,1,medium,13.04,14.75,17.41,8.95,1,0,0,0,1,0,0,0,0,1,0,0,0
121,1,25000.00,5000.00,20000.00,4,15,0,medium,13.08,14.77,17.48,8.91,1,0,0,0,1,0,0,1,0,0,0,0,0
122,0,80000.00,60000.00,20000.00,6,12,1,medium,11.49,13.42,16.12,7.81,1,0,0,0,0,0,1,1,0,0,0,0,0
123,1,25000.00,14000.00,11000.00,8,8,1,low,11.49,13.42,16.12,7.81,0,0,0,1,0,1,0,0,0,0,1,0,0
124,0,50000.00,23000.00,27000.00,4,4,1,medium,11.49,13.4,16.12,7.84,0,0,0,1,0,1,0,1,0,0,0,0,0
125,0,45000.00,20000.00,25000.00,6,14,0,high,6.06,-,-,2.37,0,1,0,0,0,1,0,0,0,0,0,0,1
126,1,50000.00,20000.00,30000.00,4,3,0,medium,6.11,-,-,2.41,0,0,1,0,1,0,0,0,0,1,0,0,0
127,0,100000.00,45000.00,55000.00,5,15,0,medium,6.29,-,-,2.5,1,0,0,0,1,0,0,1,0,0,0,0,0
128,0,55000.00,18000.00,37000.00,5,14,0,high,6.06,-,-,2.37,0,1,0,0,1,0,0,0,0,0,0,0,1
129,0,100000.00,50000.00,50000.00,5,14,0,medium,6.06,-,-,2.37,0,0,1,0,0,1,0,1,0,0,0,0,0
130,0,70000.00,40000.00,30000.00,5,4,0,medium,4.38,-,-,1.25,1,0,0,0,0,0,1,1,0,0,0,0,0
131,1,25000.00,10000.00,15000.00,7,14,0,high,4.42,-,-,1.26,0,0,0,1,0,0,1,0,0,0,0,0,1
132,0,33000.00,15000.00,18000.00,5,4,1,medium,4.37,-,-,1.26,0,1,0,0,1,0,0,0,0,1,0,0,0
133,0,100000.00,40000.00,60000.00,5,11,0,medium,4.37,-,-,1.26,0,1,0,0,0,0,1,1,0,0,0,0,0
134,0,45000.00,20000.00,25000.00,3,11,0,low,4.42,-,-,1.26,0,1,0,0,1,0,0,0,0,0,1,0,0
135,0,80000.00,40000.00,40000.00,5,9,1,medium,4.86,-,-,3.6,0,1,0,0,0,1,0,1,0,0,0,0,0
136,0,48000.00,20000.00,28000.00,5,15,1,medium,7.26,-,-,5.47,0,0,0,1,1,0,0,0,0,1,0,0,0
137,1,15000.00,5000.00,10000.00,4,13,0,high,5.11,-,-,3.96,1,0,0,0,1,0,0,0,0,0,0,0,1
138,0,70000.00,35000.00,35000.00,5,15,1,medium,5.11,-,-,3.96,1,0,0,0,0,1,0,1,0,0,0,0,0
139,0,56000.00,25000.00,31000.00,5,13,0,medium,7.23,-,-,0.28,0,0,0,1,1,0,0,1,0,0,0,0,0
140,0,15000.00,5000.00,10000.00,3,6,1,low,7.23,-,-,5.47,0,0,1,0,0,0,1,0,1,0,0,0,0
141,1,30000.00,20000.00,10000.00,5,9,0,medium,5.31,-,-,4.04,1,0,0,0,1,0,0,1,0,0,0,0,0
142,0,35000.00,10000.00,25000.00,5,12,1,high,5.31,-,-,4.04,0,0,0,1,1,0,0,0,0,0,0,0,1
143,0,90000.00,40000.00,50000.00,7,3,1,medium,4.23,-,-,3.15,1,0,0,0,1,0,0,1,0,0,0,0,0
144,1,15000.00,5000.00,10000.00,5,13,1,medium,6.31,-,-,4.8,0,1,0,0,1,0,0,1,0,0,0,0,0
145,1,29000.00,15000.00,14000.00,5,8,0,medium,6.31,-,-,4.8,1,0,0,0,0,1,0,1,0,0,0,0,0
146,0,70000.00,41850.00,28150.00,4,9,0,low,6.32,-,-,4.8,0,1,0,0,0,1,0,0,0,0,0,1,0
147,0,100000.00,50000.00,50000.00,2,10,0,medium,4.44,-,-,3.47,0,0,0,1,1,0,0,1,0,0,0,0,0
148,1,80000.00,30000.00,50000.00,4,3,1,medium,4.44,-,-,3.47,1,0,0,0,0,1,0,1,0,0,0,0,0
149,0,30000.00,15000.00,15000.00,7,8,1,medium,4.52,-,-,3.44,0,0,0,1,0,0,1,1,0,0,0,0,0
150,1,35000.00,15000.00,20000.00,5,12,0,medium,4.52,-,-,3.44,0,0,0,1,1,0,0,1,0,0,0,0,0
151,1,30000.00,10000.00,20000.00,3,3,0,low,5.56,8.67,-,4.3,0,0,1,0,1,0,0,0,0,0,0,1,0
152,0,100000.00,35000.00,65000.00,4,5,1,medium,3.69,6.12,-,3.09,1,0,0,0,1,0,0,1,0,0,0,0,0
153,1,94971.00,42736.95,52234.05,8,3,0,medium,3.69,6.12,-,3.09,0,1,0,0,0,0,1,1,0,0,0,0,0
154,0,87652.00,39443.40,48208.60,8,14,1,high,3.94,6.24,-,3.06,0,0,0,1,1,0,0,0,0,0,0,0,1
155,1,53085.00,23888.25,29196.75,7,11,0,medium,3.94,6.24,-,3.06,1,0,0,0,0,0,1,1,0,0,0,0,0
156,0,70789.00,31855.05,38933.95,8,10,0,medium,4.14,7.29,-,3.31,0,0,1,0,0,1,0,1,0,0,0,0,0
157,0,24950.00,11227.50,13722.50,2,7,1,medium,2.64,5.21,-,2.37,0,1,0,0,1,0,0,1,0,0,0,0,0
158,0,44691.00,20110.95,24580.05,5,5,1,medium,2.64,5.21,-,2.37,0,0,1,0,0,0,1,0,0,1,0,0,0
159,0,40833.00,18374.85,22458.15,7,6,1,low,2.9,5.21,-,2.35,0,1,0,0,0,0,1,0,0,0,0,1,0
160,1,46937.00,21121.65,25815.35,4,11,0,high,2.9,5.21,-,2.35,0,0,1,0,0,0,1,0,0,0,0,0,1
161,0,25284.00,11377.80,13906.20,4,15,1,high,2.45,7.72,8.98,2.98,0,0,1,0,0,1,0,0,0,0,0,0,1
162,1,59911.00,26959.95,32951.05,6,9,0,medium,0.64,5.47,6.95,2.35,0,0,1,0,1,0,0,1,0,0,0,0,0
163,1,65775.00,29598.75,36176.25,1,13,0,medium,0.64,5.47,6.95,2.35,0,0,1,0,1,0,0,1,0,0,0,0,0
164,0,91767.00,41295.15,50471.85,9,11,0,low,-0.15,5.07,6.68,1.66,0,1,0,0,0,0,1,0,1,0,0,0,0
165,1,45951.00,20677.95,25273.05,7,14,0,medium,-0.15,5.07,6.68,1.66,0,0,0,1,0,1,0,1,0,0,0,0,0
166,0,36569.00,16456.05,20112.95,5,12,0,medium,1.54,6.7,7.77,2.32,0,0,1,0,0,1,0,1,0,0,0,0,0
167,0,77598.00,34919.10,42678.90,2,7,0,medium,-0.38,4.37,5.69,1.66,0,1,0,0,1,0,0,1,0,0,0,0,0
168,1,75647.00,34041.15,41605.85,8,9,1,medium,-0.38,4.37,5.69,1.66,1,0,0,0,0,0,1,1,0,0,0,0,0
169,0,33932.00,15269.40,18662.60,4,9,1,high,0.2,4.46,5.71,2.32,0,0,0,1,0,0,1,0,0,0,0,0,1
170,1,72433.00,32594.85,39838.15,8,7,0,low,0.2,4.46,5.71,2.32,1,0,0,0,1,0,0,0,1,0,0,0,0
171,1,89969.00,40486.05,49482.95,2,4,1,medium,7.83,-,-,5.05,0,1,0,0,0,1,0,1,0,0,0,0,0
172,0,77759.00,34991.55,42767.45,9,3,0,medium,7.83,-,-,5.05,0,1,0,0,1,0,0,1,0,0,0,0,0
173,0,47544.00,21394.80,26149.20,2,13,0,medium,7.83,-,-,5.05,0,0,1,0,1,0,0,1,0,0,0,0,0
174,1,97572.00,43907.40,53664.60,2,8,0,low,6.08,-,-,3.74,0,0,1,0,0,1,0,0,1,0,0,0,0
175,1,36313.00,16340.85,19972.15,3,7,1,high,6.08,-,-,3.74,0,0,0,1,0,0,1,0,0,0,0,0,1
176,1,53168.00,23925.60,29242.40,6,4,1,medium,6.08,-,-,3.74,0,0,0,1,1,0,0,1,0,0,0,0,0
177,0,24394.00,10977.30,13416.70,7,8,1,medium,18.3,11.54,-,2.87,0,0,0,1,0,0,1,1,0,0,0,0,0
178,0,41187.00,18534.15,22652.85,6,15,1,low,0.1,11.54,15.69,0.43,1,0,0,0,0,0,1,0,0,0,1,0,0
179,0,69037.00,31066.65,37970.35,8,3,1,medium,0.83,12.35,16.62,0.96,1,0,0,0,0,0,1,1,0,0,0,0,0
180,1,66849.00,30082.05,36766.95,8,6,0,high,0.09,11.54,15.68,0.38,1,0,0,0,1,0,0,0,0,0,0,0,1
181,0,27254.00,12264.30,14989.70,6,10,0,high,0.09,11.54,15.68,0.38,0,0,0,1,1,0,0,0,0,0,0,0,1
182,0,22001.00,9900.45,12100.55,2,6,0,medium,0.78,12.31,16.6,0.94,0,1,0,0,1,0,0,1,0,0,0,0,0
183,0,24570.00,11056.50,13513.50,8,3,1,low,0.78,12.31,16.6,0.94,0,0,1,0,1,0,0,0,0,0,1,0,0
184,0,64748.00,29136.60,35611.40,10,6,1,high,-0.01,5.58,8.04,-0.78,0,0,1,0,0,1,0,0,0,0,0,0,1
185,1,39904.00,17956.80,21947.20,2,9,1,medium,-1.64,3.85,6.32,-1.88,1,0,0,0,0,0,1,1,0,0,0,0,0
186,0,86999.00,39149.55,47849.45,5,14,1,medium,-1.64,3.85,6.32,-1.88,0,0,0,1,0,0,1,0,0,1,0,0,0
187,1,46042.00,20718.90,25323.10,3,5,0,high,-1.69,3.82,6.13,-1.69,0,0,1,0,0,0,1,0,0,0,0,0,1
188,1,23440.00,10548.00,12892.00,7,10,1,medium,-1.69,3.82,6.13,-1.69,1,0,0,0,1,0,0,1,0,0,0,0,0
189,0,86403.00,38881.35,47521.65,10,14,1,medium,-0.59,4.77,-,-1.07,1,0,0,0,0,0,1,1,0,0,0,0,0
190,0,68370.00,30766.50,37603.50,7,4,1,low,-0.59,4.77,-,-1.07,1,0,0,0,0,0,1,0,0,0,1,0,0
191,1,46218.00,20798.10,25419.90,2,3,1,medium,1.44,4.82,-,0.2,0,1,0,0,0,0,1,1,0,0,0,0,0
192,0,90376.00,40669.20,49706.80,5,9,1,medium,1.44,4.82,-,0.2,0,0,1,0,1,0,0,1,0,0,0,0,0
193,0,95526.00,42986.70,52539.30,9,13,1,low,4.89,8.74,-,3.66,0,1,0,0,0,1,0,0,0,0,1,0,0
194,0,44943.00,20224.35,24718.65,1,11,1,high,2.64,6.39,-,2.17,0,0,0,1,0,1,0,0,0,0,0,0,1
195,1,42802.00,19260.90,23541.10,10,8,0,low,2.64,6.39,-,2.17,0,0,1,0,0,1,0,0,1,0,0,0,0
196,1,86434.00,38895.30,47538.70,9,10,0,high,2.65,6.4,-,2.45,0,1,0,0,0,1,0,0,0,0,0,0,1
197,1,97510.00,43879.50,53630.50,7,7,1,medium,6.82,10.29,-,3.03,0,0,0,1,0,0,1,1,0,0,0,0,0
198,1,77770.00,34996.50,42773.50,6,4,0,medium,5.93,10.01,-,4.37,0,1,0,0,0,1,0,1,0,0,0,0,0
199,0,61509.00,27679.05,33829.95,2,7,1,low,3.76,7.77,-,2.93,0,0,1,0,0,1,0,0,1,0,0,0,0
200,0,35532.00,15989.40,19542.60,2,13,0,medium,3.76,7.77,-,2.93,0,0,0,1,0,1,0,1,0,0,0,0,0
201,1,94538.00,42542.10,51995.90,1,15,0,low,3.72,7.67,-,3.16,0,0,0,1,0,0,1,0,1,0,0,0,0
202,0,22549.00,10147.05,12401.95,9,11,0,low,3.72,7.67,-,3.16,0,1,0,0,0,0,1,0,0,0,1,0,0
203,0,65867.00,29640.15,36226.85,9,15,1,medium,1.68,7.02,8.42,1.56,0,1,0,0,0,0,1,1,0,0,0,0,0
204,1,46168.00,20775.60,25392.40,3,15,0,low,2.21,7.68,9.27,1.95,1,0,0,0,0,1,0,0,1,0,0,0,0
205,0,59628.00,26832.60,32795.40,4,3,1,low,-0.44,5.41,7.44,-0.55,1,0,0,0,0,1,0,0,0,0,1,0,0
206,0,70391.00,31675.95,38715.05,10,14,0,high,-0.44,5.41,7.44,-0.55,0,0,0,1,0,0,1,0,0,0,0,0,1
207,0,74393.00,33476.85,40916.15,5,7,1,low,0.19,6.13,8.47,-0.07,0,0,1,0,0,1,0,0,1,0,0,0,0
208,1,28166.00,12674.70,15491.30,3,6,0,low,0.19,6.13,8.47,-0.07,0,0,1,0,1,0,0,0,0,0,1,0,0
209,1,65975.00,29688.75,36286.25,8,5,1,medium,-1.74,10.07,-,-7.41,1,0,0,0,0,0,1,0,0,1,0,0,0
210,1,30581.00,13761.45,16819.55,5,8,1,medium,-2.64,9.12,-,-7.91,0,1,0,0,1,0,0,1,0,0,0,0,0
211,1,79116.00,35602.20,43513.80,2,14,0,low,-2.61,9.07,14.52,-7.89,0,0,1,0,0,0,1,0,0,0,1,0,0
212,1,30259.00,13616.55,16642.45,6,8,0,medium,-2.64,9.12,-,-7.91,1,0,0,0,1,0,0,0,0,1,0,0,0
213,1,21184.00,9532.80,11651.20,7,10,0,medium,-1.75,10.07,15.58,-7.4,1,0,0,0,1,0,0,0,0,1,0,0,0
214,1,55447.00,24951.15,30495.85,3,4,1,low,-1.74,10.07,-,-7.41,0,0,0,1,0,1,0,0,0,0,1,0,0
215,0,84999.00,38249.55,46749.45,9,10,0,medium,-1.35,5.29,6.95,-0.06,0,1,0,0,0,1,0,1,0,0,0,0,0
216,0,70812.00,31865.40,38946.60,7,10,0,low,4.74,6.12,7.93,0.56,1,0,0,0,0,1,0,0,0,0,1,0,0
217,1,84174.00,37878.30,46295.70,10,14,1,medium,-3.39,3.4,5.18,-2.13,0,0,0,1,0,1,0,1,0,0,0,0,0
218,0,84697.00,38113.65,46583.35,6,14,1,medium,-3.39,3.4,5.18,-2.13,0,0,1,0,0,0,1,1,0,0,0,0,0
219,0,42915.00,19311.75,23603.25,3,12,0,low,-0.52,6.12,7.31,0.56,0,0,0,1,0,0,1,0,0,0,1,0,0
220,0,29957.00,13480.65,16476.35,2,6,0,medium,-0.52,6.12,7.31,0.56,1,0,0,0,0,1,0,0,0,1,0,0,0
221,1,32952.00,14828.40,18123.60,8,5,0,low,-0.41,9.27,12.05,-4.24,0,0,0,1,0,1,0,0,0,0,1,0,0
222,0,84588.00,38064.60,46523.40,7,6,1,medium,-0.41,9.27,12.05,-4.24,1,0,0,0,0,0,1,1,0,0,0,0,0
223,0,70199.00,31589.55,38609.45,3,7,0,low,-0.16,9.36,12.65,-4.27,1,0,0,0,0,1,0,0,0,0,1,0,0
224,1,50399.00,22679.55,27719.45,9,7,1,medium,1.14,10.81,13.98,-3.13,0,0,0,1,0,1,0,1,0,0,0,0,0
225,0,41651.00,18742.95,22908.05,4,14,1,medium,1.14,10.81,13.98,-3.13,0,0,0,1,1,0,0,0,0,1,0,0,0
226,1,58954.00,26529.30,32424.70,1,7,1,low,1.4,10.84,14.05,-3.14,0,0,1,0,0,1,0,0,1,0,0,0,0
227,0,41307.00,18588.15,22718.85,5,10,0,medium,-1.03,5.19,6.82,-0.14,1,0,0,0,0,1,0,1,0,0,0,0,0
228,1,38772.00,17447.40,21324.60,5,3,0,high,-0.41,5.87,7.64,0.31,0,1,0,0,0,1,0,0,0,0,0,0,1
229,1,69167.00,31125.15,38041.85,1,12,0,medium,-3.08,3.27,5.64,-2.2,0,1,0,0,0,0,1,0,0,1,0,0,0
230,1,73633.00,33134.85,40498.15,8,4,1,low,-3.08,3.27,5.64,-2.2,0,0,1,0,1,0,0,0,1,0,0,0,0
231,0,75538.00,33992.10,41545.90,5,9,1,medium,-2.45,-,-,-1.74,0,1,0,0,0,0,1,0,0,1,0,0,0
232,0,45653.00,20543.85,25109.15,1,3,1,low,-2.45,-,-,-1.74,0,0,0,1,1,0,0,0,1,0,0,0,0
233,0,84268.00,37920.60,46347.40,5,4,1,medium,1.15,8.81,15.1,-0.78,0,1,0,0,1,0,0,1,0,0,0,0,0
234,0,59576.00,26809.20,32766.80,9,10,1,low,2.02,9.66,15.88,-0.2,1,0,0,0,1,0,0,0,0,0,1,0,0
235,1,80477.00,36214.65,44262.35,4,4,0,medium,1.18,8.81,15.11,-0.75,0,0,1,0,1,0,0,1,0,0,0,0,0
236,1,57849.00,26032.05,31816.95,7,14,0,medium,1.18,8.81,15.11,-0.75,0,0,1,0,1,0,0,1,0,0,0,0,0
237,1,79766.00,35894.70,43871.30,1,12,1,high,1.99,9.69,15.77,-0.19,0,1,0,0,1,0,0,0,0,0,0,0,1
238,0,93928.00,42267.60,51660.40,3,6,1,medium,1.99,9.69,15.77,-0.19,0,0,0,1,0,0,1,0,0,1,0,0,0
239,0,83486.00,37568.70,45917.30,4,8,1,low,7.13,7.33,8.01,5.23,0,1,0,0,1,0,0,0,1,0,0,0,0
240,0,95675.00,43053.75,52621.25,7,14,0,high,7,7.49,-,3.21,1,0,0,0,1,0,0,0,0,0,0,0,1
241,1,93937.00,42271.65,51665.35,4,7,0,low,7.24,7.44,8.12,5.3,0,0,1,0,0,1,0,0,0,0,1,0,0
242,0,65347.00,29406.15,35940.85,2,8,0,medium,5.12,5.29,5.83,3.77,0,0,0,1,1,0,0,1,0,0,0,0,0
243,0,47745.00,21485.25,26259.75,3,3,0,medium,5.18,5.38,6.87,3.78,0,0,0,1,1,0,0,0,0,1,0,0,0
244,0,78569.00,35356.05,43212.95,1,3,0,medium,5.18,5.38,6.87,3.78,1,0,0,0,0,0,1,1,0,0,0,0,0
245,1,76540.00,34443.00,42097.00,7,14,0,low,5.04,4.92,5.39,3.71,0,1,0,0,0,1,0,0,0,0,1,0,0
246,0,26081.00,11736.45,14344.55,7,7,0,high,5.04,4.92,5.39,3.71,1,0,0,0,0,0,1,0,0,0,0,0,1
247,0,97537.00,43891.65,53645.35,7,10,0,high,7.13,6.92,7.42,5.23,0,0,0,1,0,1,0,0,0,0,0,0,1
248,0,32117.00,14452.65,17664.35,10,5,0,low,7.13,6.92,7.42,5.23,0,0,0,1,0,1,0,0,1,0,0,0,0
249,0,35628.00,16032.60,19595.40,5,6,1,low,7.13,6.92,7.42,5.23,1,0,0,0,0,1,0,0,0,0,1,0,0
250,0,48433.00,21794.85,26638.15,8,9,1,medium,5.04,5.21,5.82,3.71,0,0,0,1,0,0,1,1,0,0,0,0,0
251,0,30000.00,15000.00,15000.00,4,11,1,medium,5.04,5.21,5.82,3.71,0,1,0,0,0,0,1,0,0,1,0,0,0
252,0,50000.00,24000.00,26000.00,5,7,1,medium,5,5.2,5.83,3.63,0,1,0,0,0,0,1,1,0,0,0,0,0
253,0,50000.00,20000.00,30000.00,3,5,0,medium,5,5.2,5.83,3.63,0,1,0,0,0,1,0,1,0,0,0,0,0
254,0,24000.00,10000.00,14000.00,8,11,0,high,-0.85,7.78,9.21,-10.24,0,1,0,0,0,0,1,0,0,0,0,0,1
255,1,25000.00,10000.00,15000.00,7,8,0,medium,-0.85,7.78,9.21,-10.24,0,0,0,1,0,0,1,1,0,0,0,0,0
256,1,20000.00,10000.00,10000.00,2,4,0,medium,-0.85,7.78,9.21,-10.24,0,0,1,0,1,0,0,1,0,0,0,0,0
257,1,15000.00,5000.00,10000.00,5,9,1,high,0.1,8.64,10.06,-9.67,1,0,0,0,1,0,0,0,0,0,0,0,1
258,0,45000.00,20000.00,25000.00,3,4,0,medium,0.1,8.64,-,-9.67,0,1,0,0,0,0,1,1,0,0,0,0,0
259,1,35000.00,15000.00,20000.00,3,12,0,medium,0.1,8.64,-,-9.67,1,0,0,0,1,0,0,0,0,1,0,0,0
260,0,60000.00,25000.00,35000.00,5,5,1,medium,-2.15,8.54,14.28,-6.89,0,0,1,0,0,1,0,1,0,0,0,0,0
261,0,36000.00,18000.00,18000.00,2,12,1,medium,-2.15,8.54,14.28,-6.89,0,1,0,0,1,0,0,0,0,1,0,0,0
262,0,46000.00,18000.00,28000.00,3,7,0,low,-2.17,8.52,14.51,-6.9,0,0,1,0,0,1,0,0,0,0,1,0,0
263,1,70000.00,32000.00,38000.00,7,10,1,medium,-1.21,9.46,14.27,-6.23,0,1,0,0,0,1,0,1,0,0,0,0,0
264,0,55000.00,20000.00,35000.00,3,8,0,medium,-1.21,9.46,14.27,-6.23,0,0,1,0,0,0,1,0,0,1,0,0,0
265,0,39000.00,20000.00,19000.00,1,6,0,medium,-1.2,9.46,15.46,-6.23,1,0,0,0,0,0,1,1,0,0,0,0,0
266,0,48000.00,25000.00,23000.00,5,15,0,medium,-,-,-,0.35,0,1,0,0,0,0,1,0,0,1,0,0,0
267,1,20000.00,10000.00,10000.00,9,9,1,medium,5.88,-,-,4.42,0,1,0,0,0,0,1,0,0,1,0,0,0
268,0,90000.00,57000.00,33000.00,8,9,1,medium,6.72,-,-,4.74,1,0,0,0,0,0,1,1,0,0,0,0,0
269,0,80000.00,30000.00,50000.00,5,5,1,medium,6.36,-,-,4.39,1,0,0,0,0,1,0,1,0,0,0,0,0
270,1,25000.00,5000.00,20000.00,4,15,1,low,6.36,-,-,4.39,1,0,0,0,1,0,0,0,0,0,0,1,0
271,0,80000.00,60000.00,20000.00,6,12,0,low,6.41,-,-,4.48,1,0,0,0,1,0,0,0,0,0,1,0,0
272,1,25000.00,14000.00,11000.00,8,8,0,low,6.41,-,-,4.48,0,0,0,1,0,1,0,0,1,0,0,0,0
273,0,50000.00,23000.00,27000.00,4,4,1,low,5.69,-,-,3.92,0,0,0,1,0,1,0,0,0,0,1,0,0
274,0,45000.00,20000.00,25000.00,6,14,0,high,5.69,-,-,3.92,0,1,0,0,0,1,0,0,0,0,0,0,1
275,1,50000.00,20000.00,30000.00,4,3,0,medium,5.75,-,-,1,0,0,1,0,0,0,1,1,0,0,0,0,0
276,0,100000.00,45000.00,55000.00,5,15,1,low,5.75,-,-,4.02,1,0,0,0,1,0,0,0,1,0,0,0,0
277,0,55000.00,18000.00,37000.00,5,14,1,low,5.2,-,-,3.93,0,1,0,0,0,1,0,0,0,0,0,1,0
278,0,100000.00,50000.00,50000.00,5,14,1,low,5.2,-,-,3.93,0,0,1,0,0,0,1,0,0,0,1,0,0
279,0,70000.00,40000.00,30000.00,5,4,1,medium,6.02,-,-,4.24,1,0,0,0,0,1,0,1,0,0,0,0,0
280,1,25000.00,10000.00,15000.00,7,14,0,high,4.41,9.46,10.81,2.24,0,0,0,1,0,1,0,0,0,0,0,0,1
281,0,33000.00,15000.00,18000.00,5,4,0,medium,1.37,5.19,6.68,0.2,0,1,0,0,0,1,0,0,0,1,0,0,0
282,0,100000.00,40000.00,60000.00,5,11,1,medium,1.37,5.19,6.68,0.2,0,1,0,0,1,0,0,1,0,0,0,0,0
283,0,45000.00,20000.00,25000.00,3,11,1,low,1.24,6.57,-,0.05,0,1,0,0,0,0,1,0,0,0,0,1,0
284,0,80000.00,40000.00,40000.00,5,9,0,medium,1.24,6.57,-,0.05,0,1,0,0,0,1,0,1,0,0,0,0,0
285,0,48000.00,20000.00,28000.00,5,15,1,low,2.12,7.01,8.86,0.67,0,0,0,1,0,0,1,0,0,0,0,1,0
286,1,15000.00,5000.00,10000.00,4,13,1,high,-0.49,4.07,5.75,-1.07,1,0,0,0,1,0,0,0,0,0,0,0,1
287,0,70000.00,35000.00,35000.00,5,15,0,low,-0.49,4.07,5.75,-1.07,1,0,0,0,0,0,1,0,1,0,0,0,0
288,0,56000.00,25000.00,31000.00,5,13,0,medium,-0.54,3.75,5.78,-1.18,0,0,0,1,0,0,1,1,0,0,0,0,0
289,0,15000.00,5000.00,10000.00,3,6,0,medium,-0.54,3.75,5.78,-1.18,0,0,1,0,1,0,0,1,0,0,0,0,0
290,1,30000.00,20000.00,10000.00,5,9,0,high,1.38,4.68,5.6,0.37,1,0,0,0,0,1,0,0,0,0,0,0,1
291,0,35000.00,10000.00,25000.00,5,12,1,high,1.38,4.68,5.6,0.37,0,0,0,1,0,0,1,0,0,0,0,0,1
292,0,90000.00,40000.00,50000.00,7,3,0,high,1.63,5.03,5.96,0.47,1,0,0,0,0,1,0,0,0,0,0,0,1
293,1,15000.00,5000.00,10000.00,5,13,1,medium,1.63,5.03,5.96,0.47,0,1,0,0,0,1,0,1,0,0,0,0,0
294,1,29000.00,15000.00,14000.00,5,8,1,high,3.71,7.72,8.49,2.53,1,0,0,0,0,1,0,0,0,0,0,0,1
295,0,70000.00,76041.00,-6041.00,4,9,1,medium,2.03,3.54,2.43,1.88,0,1,0,0,1,0,0,1,0,0,0,0,0
296,0,100000.00,50000.00,50000.00,2,10,1,high,2.03,3.54,2.43,1.88,0,0,0,1,0,1,0,0,0,0,0,0,1
297,1,80000.00,30000.00,50000.00,4,3,1,medium,3.23,7.01,7.83,2.21,1,0,0,0,1,0,0,0,0,1,0,0,0
298,0,30000.00,15000.00,15000.00,7,8,1,medium,1.94,4.2,4.45,1.37,0,0,0,1,0,0,1,1,0,0,0,0,0
299,1,35000.00,15000.00,20000.00,5,12,1,medium,1.94,4.2,4.45,1.37,0,0,0,1,1,0,0,1,0,0,0,0,0
300,1,30000.00,10000.00,20000.00,3,3,0,low,1.78,4.71,5.11,1.7,0,0,1,0,0,0,1,0,0,0,1,0,0
301,0,100000.00,35000.00,65000.00,4,5,1,medium,1.78,4.71,5.11,1.7,1,0,0,0,0,1,0,1,0,0,0,0,0
302,1,28653.00,12893.85,15759.15,1,5,0,low,1.33,4.67,4.56,0.32,1,0,0,0,0,1,0,0,0,0,0,1,0
303,0,84059.00,37826.55,46232.45,8,12,0,medium,1.33,4.67,4.56,0.32,0,0,1,0,0,1,0,1,0,0,0,0,0
304,1,24670.00,11101.50,13568.50,6,13,0,low,3.18,6.99,7.75,2.15,1,0,0,0,1,0,0,0,0,0,1,0,0
305,1,26398.00,11879.10,14518.90,4,7,1,high,1.93,4.19,4.41,1.36,1,0,0,0,0,1,0,0,0,0,0,0,1
306,1,31972.00,14387.40,17584.60,6,4,1,medium,1.93,4.19,4.41,1.36,0,0,1,0,1,0,0,0,0,1,0,0,0
307,0,93600.00,42120.00,51480.00,8,10,1,medium,1.77,4.73,5.09,1.68,1,0,0,0,0,1,0,1,0,0,0,0,0
308,0,93439.00,42047.55,51391.45,9,8,1,medium,1.77,4.73,5.09,1.68,0,0,0,1,0,0,1,1,0,0,0,0,0
309,1,47883.00,21547.35,26335.65,7,14,1,medium,2.2,4.54,4.99,1.54,1,0,0,0,0,1,0,0,0,1,0,0,0
310,0,64603.00,29071.35,35531.65,7,11,0,medium,2.2,4.54,4.99,1.54,1,0,0,0,0,0,1,1,0,0,0,0,0
311,0,28018.00,12608.10,15409.90,1,10,0,medium,0.97,6.92,7.93,1.78,1,0,0,0,0,0,1,1,0,0,0,0,0
312,1,64152.00,28868.40,35283.60,2,12,1,low,-0.31,4.61,5.9,1.18,0,1,0,0,1,0,0,0,0,0,0,1,0
313,0,49764.00,22393.80,27370.20,4,15,0,low,0.18,4.5,5.54,1.14,1,0,0,0,0,0,1,0,1,0,0,0,0
314,1,61216.00,27547.20,33668.80,10,13,0,low,0.18,4.5,5.54,1.14,0,0,1,0,0,0,1,0,0,0,1,0,0
315,1,67628.00,30432.60,37195.40,8,13,1,medium,0.72,5.28,4.62,1.56,1,0,0,0,1,0,0,0,0,1,0,0,0
316,1,49614.00,22326.30,27287.70,7,14,0,medium,0.72,5.28,-,1.56,0,1,0,0,0,1,0,1,0,0,0,0,0
317,0,77524.00,34885.80,42638.20,1,9,0,low,1.36,7.29,8.49,2.07,0,0,1,0,0,0,1,0,1,0,0,0,0
318,0,60029.00,27013.05,33015.95,2,10,1,low,0,0,0.16,0,0,1,0,0,0,0,1,0,0,0,0,1,0
319,0,48637.00,21886.65,26750.35,5,9,0,medium,0,0,0.16,0,0,0,0,1,1,0,0,1,0,0,0,0,0
320,0,45753.00,20588.85,25164.15,3,10,0,low,0.56,4.04,5.08,1.5,1,0,0,0,0,1,0,0,0,0,0,1,0
321,1,79482.00,35766.90,43715.10,4,14,0,medium,0.56,4.04,5.08,1.5,0,0,0,1,1,0,0,0,0,1,0,0,0
322,1,57217.00,25747.65,31469.35,7,10,1,high,-0.24,4.76,5.38,1.18,0,1,0,0,1,0,0,0,0,0,0,0,1
323,1,90873.00,40892.85,49980.15,7,6,0,low,-0.24,4.76,5.38,1.18,1,0,0,0,1,0,0,0,0,0,0,1,0
324,1,91809.00,41314.05,50494.95,4,7,1,medium,0,0,-0.11,0,1,0,0,0,0,0,1,1,0,0,0,0,0
325,0,94209.00,42394.05,51814.95,10,13,1,low,4.72,5.71,8.85,0.97,1,0,0,0,0,0,1,0,0,0,1,0,0
326,1,44581.00,20061.45,24519.55,10,3,1,medium,-1.72,3.25,6.44,-1.36,0,1,0,0,0,0,1,1,0,0,0,0,0
327,0,62247.00,28011.15,34235.85,7,10,0,low,-1.72,3.25,6.44,-1.36,0,1,0,0,0,1,0,0,1,0,0,0,0
328,0,53016.00,23857.20,29158.80,10,5,1,high,-1.69,3.29,6.45,-0.83,0,0,1,0,1,0,0,0,0,0,0,0,1
329,1,88753.00,39938.85,48814.15,4,10,0,medium,-1.69,3.29,6.45,-0.83,0,0,0,1,0,0,1,0,0,1,0,0,0
330,0,82965.00,37334.25,45630.75,4,9,0,medium,4.68,15.1,20.76,1.14,0,0,1,0,1,0,0,1,0,0,0,0,0
331,0,49410.00,22234.50,27175.50,5,6,1,medium,3.35,13.89,19.61,0.22,0,1,0,0,0,0,1,0,0,1,0,0,0
332,1,83237.00,37456.65,45780.35,6,13,0,medium,4.63,15.01,20.67,1.18,0,0,0,1,0,1,0,1,0,0,0,0,0
333,1,22123.00,9955.35,12167.65,9,11,0,medium,4.63,15.01,20.67,1.18,0,0,0,1,1,0,0,1,0,0,0,0,0
334,1,80930.00,36418.50,44511.50,2,8,0,medium,-3.5,13.96,13.06,-3.08,1,0,0,0,0,1,0,1,0,0,0,0,0
335,1,95389.00,42925.05,52463.95,6,5,1,medium,1.2,13.09,19.11,-1.85,0,1,0,0,0,1,0,1,0,0,0,0,0
336,1,33453.00,15053.85,18399.15,9,6,0,medium,1.2,13.09,19.11,-1.85,0,0,1,0,0,1,0,0,0,1,0,0,0
337,0,20420.00,9189.00,11231.00,7,9,1,low,1.63,5.41,-,1.98,0,0,0,1,0,1,0,0,0,0,1,0,0
338,0,58334.00,26250.30,32083.70,9,9,1,high,1.63,5.41,-,1.98,1,0,0,0,0,1,0,0,0,0,0,0,1
339,1,79091.00,35590.95,43500.05,9,10,1,medium,3.43,7.17,-,2.92,0,1,0,0,0,0,1,1,0,0,0,0,0
340,0,42103.00,18946.35,23156.65,9,6,0,medium,0.9,4.66,-,1.46,0,0,0,1,0,1,0,1,0,0,0,0,0
341,0,34207.00,15393.15,18813.85,10,6,1,high,0.9,4.66,-,1.46,0,1,0,0,0,1,0,0,0,0,0,0,1
342,1,92236.00,41506.20,50729.80,8,8,0,low,2.72,6.44,-,2.41,0,0,0,1,0,1,0,0,0,0,1,0,0
343,0,83357.00,37510.65,45846.35,2,13,1,medium,0.57,7.22,8.19,1.88,0,0,1,0,1,0,0,1,0,0,0,0,0
344,1,94090.00,42340.50,51749.50,10,12,1,low,-0.09,6.53,7.59,1.4,0,0,1,0,0,1,0,0,0,0,1,0,0
345,1,72003.00,32401.35,39601.65,6,15,1,medium,-1.1,5.43,6.47,-1.79,0,0,0,1,1,0,0,1,0,0,0,0,0
346,0,84957.00,38230.65,46726.35,3,13,0,medium,-1.1,5.43,6.47,-1.79,0,0,1,0,1,0,0,0,0,1,0,0,0
347,1,29323.00,13195.35,16127.65,4,4,1,low,-1.82,4.68,5.81,-2.37,0,0,1,0,0,1,0,0,0,0,1,0,0
348,0,25838.00,11627.10,14210.90,10,4,1,medium,-1.82,4.68,5.81,-2.37,1,0,0,0,0,0,1,1,0,0,0,0,0
349,1,43806.00,19712.70,24093.30,3,10,1,medium,2.12,16.34,31.97,-4.83,0,0,1,0,1,0,0,1,0,0,0,0,0
350,0,28788.00,12954.60,15833.40,3,6,1,medium,2.12,16.34,31.97,-4.83,0,0,1,0,1,0,0,0,0,1,0,0,0
351,0,46819.00,21068.55,25750.45,3,13,1,medium,2.37,16.76,32.25,-4.84,0,1,0,0,1,0,0,1,0,0,0,0,0
352,1,96903.00,43606.35,53296.65,9,11,0,high,3.51,18.1,33.69,-3.95,0,0,1,0,0,0,1,0,0,0,0,0,1
353,0,55630.00,25033.50,30596.50,2,12,0,low,3.51,18.1,33.69,-3.95,0,0,1,0,0,1,0,0,0,0,1,0,0
354,0,41107.00,18498.15,22608.85,1,3,1,medium,3.72,18.19,33.64,-3.96,0,1,0,0,0,0,1,1,0,0,0,0,0
355,1,24477.00,11014.65,13462.35,8,4,0,low,5.31,11.23,15.16,2.39,0,1,0,0,1,0,0,0,1,0,0,0,0
356,0,66741.00,30033.45,36707.55,8,9,0,medium,5.31,11.23,15.16,2.39,1,0,0,0,1,0,0,0,0,1,0,0,0
357,0,52504.00,23626.80,28877.20,4,14,1,high,5.98,11.47,15.44,2.39,0,0,1,0,0,0,1,0,0,0,0,0,1
358,0,94833.00,42674.85,52158.15,2,15,0,low,6.72,12.2,16.12,2.9,0,0,1,0,0,0,1,0,1,0,0,0,0
359,0,81392.00,36626.40,44765.60,3,7,1,medium,6.04,11.93,15.95,2.86,0,1,0,0,0,0,1,1,0,0,0,0,0
360,0,46803.00,21061.35,25741.65,8,13,1,low,6.04,11.93,15.95,2.86,1,0,0,0,0,1,0,0,0,0,1,0,0
361,0,43481.00,19566.45,23914.55,4,15,1,medium,5.64,12.39,17.97,2.63,0,0,1,0,0,0,1,1,0,0,0,0,0
362,0,96556.00,43450.20,53105.80,6,6,1,medium,5.08,12.09,17.75,1.42,0,0,1,0,1,0,0,1,0,0,0,0,0
363,0,54671.00,24601.95,30069.05,6,12,1,low,5.08,12.09,17.75,1.42,0,0,1,0,1,0,0,0,0,0,1,0,0
364,1,75518.00,33983.10,41534.90,9,15,0,medium,4.22,11.06,16.96,1.63,0,1,0,0,0,1,0,1,0,0,0,0,0
365,1,36418.00,16388.10,20029.90,8,8,0,low,3.64,10.8,16.79,0.33,0,0,1,0,0,1,0,0,1,0,0,0,0
366,0,40173.00,18077.85,22095.15,2,15,1,medium,3.64,10.8,16.79,0.33,0,0,0,1,0,1,0,1,0,0,0,0,0
367,0,44561.00,20052.45,24508.55,2,7,0,low,10.52,12.63,17.35,4.97,0,0,1,0,0,0,1,0,0,0,1,0,0
368,0,87161.00,39222.45,47938.55,2,14,0,medium,10.5,12.61,17.33,4.93,0,0,0,1,0,0,1,1,0,0,0,0,0
369,0,93686.00,42158.70,51527.30,4,4,0,medium,10.5,12.61,17.33,4.93,1,0,0,0,0,1,0,1,0,0,0,0,0
370,1,37842.00,17028.90,20813.10,10,6,0,low,9.63,11.83,16.63,4.36,0,1,0,0,0,1,0,0,1,0,0,0,0
371,1,64069.00,28831.05,35237.95,3,8,0,medium,9.66,11.72,16.53,4.36,0,1,0,0,1,0,0,1,0,0,0,0,0
372,1,41341.00,18603.45,22737.55,3,14,0,high,9.66,11.72,16.53,4.36,1,0,0,0,0,1,0,0,0,0,0,0,1
373,1,66635.00,29985.75,36649.25,9,10,0,high,-1.97,6.07,7.06,-0.18,0,0,0,1,0,0,1,0,0,0,0,0,1
374,1,79984.00,35992.80,43991.20,1,11,1,low,-1.97,6.07,7.06,-0.18,1,0,0,0,0,1,0,0,0,0,1,0,0
375,0,36725.00,16526.25,20198.75,2,14,1,medium,2.37,5.16,-,0.32,0,0,0,1,0,1,0,1,0,0,0,0,0
376,1,79602.00,35820.90,43781.10,6,6,0,medium,4.53,7.55,8.2,2.08,0,1,0,0,0,1,0,1,0,0,0,0,0
377,0,30921.00,13914.45,17006.55,10,6,0,low,3,-,-,2.68,0,0,1,0,1,0,0,0,1,0,0,0,0
378,0,35413.00,15935.85,19477.15,5,5,0,medium,3,-,-,2.68,0,0,1,0,1,0,0,1,0,0,0,0,0
379,0,36198.00,16289.10,19908.90,7,11,1,low,3.65,6.8,7.99,3.23,1,0,0,0,0,1,0,0,1,0,0,0,0
380,0,22135.00,9960.75,12174.25,4,15,1,medium,1.61,4.56,5.71,1.86,0,0,1,0,0,0,1,1,0,0,0,0,0
381,0,84445.00,38000.25,46444.75,9,10,1,low,1.61,4.56,5.71,1.86,0,0,1,0,1,0,0,0,1,0,0,0,0
382,0,80265.00,36119.25,44145.75,6,8,1,high,1.64,4.04,-,2.2,0,0,1,0,0,0,1,0,0,0,0,0,1
383,1,47126.00,21206.70,25919.30,9,15,1,low,1.64,4.04,-,2.2,0,0,0,1,0,1,0,0,0,0,1,0,0
384,0,33543.00,15094.35,18448.65,2,3,0,medium,2.69,4.7,-,2.39,0,1,0,0,0,0,1,1,0,0,0,0,0
385,1,47736.00,21481.20,26254.80,4,11,0,high,2.69,4.7,-,2.39,0,0,0,1,0,0,1,0,0,0,0,0,1
386,0,96061.00,43227.45,52833.55,8,12,1,high,-2.12,-,-,-3.53,1,0,0,0,0,0,1,0,0,0,0,0,1
387,1,83798.00,37709.10,46088.90,9,5,1,high,-2.12,-,-,-3.53,0,1,0,0,1,0,0,0,0,0,0,0,1
388,1,69348.00,31206.60,38141.40,1,10,1,medium,-,-,-,0.23,1,0,0,0,0,1,0,0,0,1,0,0,0
389,1,87162.00,39222.90,47939.10,5,14,0,low,-,-,-,0.23,0,0,1,0,0,0,1,0,0,0,1,0,0
390,0,54342.00,24453.90,29888.10,3,12,0,low,5.38,9.06,-,3.87,0,1,0,0,1,0,0,0,1,0,0,0,0
391,1,79988.00,35994.60,43993.40,10,10,0,low,2.89,-,-,2.21,0,1,0,0,0,1,0,0,0,0,1,0,0
392,0,85411.00,38434.95,46976.05,7,5,1,medium,2.89,-,-,2.21,0,1,0,0,0,1,0,1,0,0,0,0,0
393,1,83932.00,37769.40,46162.60,3,5,1,medium,2.83,6.07,-,2.54,0,1,0,0,1,0,0,1,0,0,0,0,0
394,0,99657.00,44845.65,54811.35,4,8,0,low,2.83,6.07,-,2.54,1,0,0,0,0,1,0,0,1,0,0,0,0
395,1,47160.00,21222.00,25938.00,1,5,1,medium,2,7.05,-,0.86,0,0,0,1,0,1,0,1,0,0,0,0,0
396,0,56205.00,25292.25,30912.75,2,13,1,medium,2,7.05,-,0.86,0,0,0,1,0,0,1,1,0,0,0,0,0
397,0,38783.00,17452.35,21330.65,9,3,0,low,2.37,7.06,-,1.8,0,0,1,0,0,1,0,0,1,0,0,0,0
398,0,99613.00,44825.85,54787.15,7,12,1,high,2.37,7.06,-,1.8,1,0,0,0,0,1,0,0,0,0,0,0,1
399,1,30040.00,13518.00,16522.00,1,12,1,high,4.24,7.9,-,3.08,0,0,1,0,0,0,1,0,0,0,0,0,1
400,1,56497.00,25423.65,31073.35,4,13,1,low,1.9,5.31,-,1.51,0,0,0,1,0,1,0,0,0,0,1,0,0
401,0,75421.00,33939.45,41481.55,1,7,0,NA,1.9,5.31,-,1.51,0,0,0,1,0,0,1,1,0,0,0,0,0
402,1,5000.00,0.00,5000.00,5,15,0,high,2.02,5.5,-,2.03,1,0,0,0,1,0,0,0,0,0,0,0,1
403,0,45000.00,20000.00,25000.00,3,10,1,high,2.02,5.5,-,2.03,1,0,0,0,1,0,0,1,0,0,0,0,0
404,0,50000.00,22000.00,28000.00,3,9,1,medium,1.03,10.51,-,-3.62,0,1,0,0,0,1,0,0,0,1,0,0,0
405,1,45000.00,19000.00,26000.00,3,6,0,low,1.03,10.51,-,-3.62,0,1,0,0,0,1,0,0,0,1,0,0,0
406,0,80000.00,45000.00,35000.00,4,8,1,low,1.94,10.84,-,-2.91,0,0,1,0,0,0,1,1,0,0,0,0,0
407,1,38000.00,22000.00,16000.00,5,11,1,medium,-1.74,8.85,-,-6,0,0,0,1,0,1,0,0,0,0,0,0,1
408,1,26000.00,11000.00,15000.00,7,9,1,medium,-1.74,8.85,-,-6,1,0,0,0,0,1,0,0,0,1,0,0,0
409,0,70000.00,32000.00,38000.00,5,7,0,low,-0.15,9.44,-,-4.44,0,1,0,0,0,0,1,1,0,0,0,0,0
410,0,55000.00,30000.00,25000.00,3,10,0,high,2.14,8.2,9.08,3.27,0,0,0,1,0,0,1,1,0,0,0,0,0
411,1,60000.00,37000.00,66000.00,3,9,1,low,1.95,7.34,7.76,3.26,0,0,0,1,1,0,0,0,0,0,0,0,1
412,0,27000.00,10000.00,17000.00,4,12,1,medium,1.95,7.34,7.76,3.26,0,1,0,0,1,0,0,1,0,0,0,0,0
413,0,60000.00,40000.00,20000.00,7,9,1,low,0.09,-,-,2.21,0,0,1,0,0,0,1,0,0,1,0,0,0
414,0,90000.00,57000.00,33000.00,3,7,0,high,0.09,-,-,2.21,0,0,0,1,1,0,0,0,0,1,0,0,0
415,1,35000.00,10000.00,25000.00,5,8,0,high,1.04,6.91,8.01,2.53,0,1,0,0,0,1,0,0,0,0,0,0,1
416,1,48000.00,25000.00,23000.00,4,9,1,high,-1,4.08,5.44,1.26,0,0,0,1,1,0,0,0,0,0,0,0,1
417,0,80000.00,60000.00,40000.00,3,14,0,medium,-1,4.08,5.44,1.26,0,1,0,0,0,1,0,0,0,1,0,0,0
418,1,25000.00,14000.00,11000.00,4,6,0,high,-4.37,3.55,5.47,-0.85,1,0,0,0,1,0,0,0,0,0,0,0,1
419,1,35000.00,15000.00,20000.00,6,13,1,low,-4.37,3.55,5.47,-0.85,0,0,1,0,0,0,1,1,0,0,0,0,0
420,0,45000.00,20000.00,25000.00,7,7,0,low,5.47,7.01,9.07,1.99,0,0,1,0,0,0,1,0,0,0,0,0,1
421,1,100000.00,60000.00,40000.00,5,6,1,medium,5.47,7.01,9.07,1.99,0,1,0,0,0,1,0,0,0,1,0,0,0
422,0,13000.00,5000.00,8000.00,8,10,1,high,-,-,-,2.71,0,1,0,0,1,0,0,1,0,0,0,0,0
423,0,55000.00,18000.00,37000.00,4,10,0,high,10.76,-,-,7.54,0,0,0,1,0,0,1,1,0,0,0,0,0
424,1,100000.00,50000.00,50000.00,5,6,1,medium,7.74,8.48,10.95,3.72,0,1,0,0,0,1,0,0,0,1,0,0,0
425,0,70000.00,40000.00,30000.00,3,5,1,high,0.38,6.08,-,1.12,0,1,0,0,1,0,0,0,0,1,0,0,0
426,0,45000.00,20000.00,25000.00,5,3,1,medium,5.96,6.18,-,4.23,0,1,0,0,1,0,0,0,0,1,0,0,0
427,1,33000.00,15000.00,18000.00,8,1,1,medium,13.26,13.6,5.79,4.64,0,1,0,0,1,0,0,1,0,0,0,0,0
428,0,50000.00,18000.00,32000.00,6,5,1,low,12.22,12.32,4.66,3.96,0,1,0,0,0,0,1,0,0,1,0,0,0
429,1,35000.00,20000.00,15000.00,3,6,1,low,6.99,-,-,4.27,0,0,0,1,0,0,1,1,0,0,0,0,0
430,0,200000.00,80000.00,120000.00,5,8,1,medium,6.99,-,-,4.27,0,1,0,0,0,1,0,1,0,0,0,0,0
431,1,25000.00,20000.00,5000.00,5,2,1,low,6.99,-,-,4.27,0,1,0,0,1,0,0,0,0,1,0,0,0
432,0,15000.00,10000.00,5000.00,5,5,0,low,6.61,8.25,11.73,4.14,1,0,0,0,0,0,1,0,0,1,0,0,0
433,1,70000.00,35000.00,35000.00,6,10,1,medium,5.93,-,-,3.49,0,0,0,1,1,0,0,0,0,1,0,0,0
434,0,25000.00,15000.00,10000.00,7,14,0,low,5.93,-,-,3.49,0,0,1,0,0,0,1,0,0,0,0,0,1
435,1,15000.00,10000.00,5000.00,5,6,1,high,5.93,-,-,3.49,0,1,0,0,1,0,0,1,0,0,0,0,0
436,1,85000.00,50000.00,35000.00,9,9,1,high,7.47,9.07,12.46,4.71,0,0,0,1,0,1,0,0,0,0,0,0,1
437,1,70000.00,30000.00,40000.00,10,5,1,medium,7.47,9.07,12.46,4.71,0,0,0,1,0,1,0,0,0,0,0,0,1
438,0,50000.00,25000.00,20000.00,6,7,0,high,7.72,9.17,12.52,4.97,0,0,1,0,1,0,0,0,0,1,0,0,0
439,0,45000.00,20000.00,25000.00,7,13,0,low,6.42,8.18,11.68,3.99,0,0,1,0,0,0,1,1,0,0,0,0,0
440,0,50000.00,30000.00,20000.00,6,11,1,high,6.42,8.18,11.68,3.99,0,0,1,0,1,0,0,0,0,0,0,0,1
441,1,30000.00,15000.00,15000.00,8,9,0,low,4.29,6.79,8.09,3.4,0,1,0,0,0,0,1,1,0,0,0,0,0
442,0,80000.00,45000.00,35000.00,9,7,1,low,-,-,-,-,0,0,1,0,0,0,1,1,0,0,0,0,0
443,1,18000.00,10000.00,8000.00,4,10,0,medium,-,-,-,3.4,0,1,0,0,1,0,0,0,0,1,0,0,0
444,0,46000.00,25000.00,11000.00,5,6,0,medium,3.01,4.82,6.08,2.42,0,0,0,1,0,1,0,0,0,1,0,0,0
445,1,100000.00,50000.00,40000.00,6,8,1,high,3.01,4.82,6.08,2.42,1,0,0,0,0,1,0,0,0,0,0,0,1
446,0,56000.00,30000.00,26000.00,5,11,1,high,4.37,5.55,6.64,3.46,0,1,0,0,1,0,0,0,0,0,0,0,1
447,0,45000.00,25000.00,20000.00,5,7,0,low,4.37,5.55,6.64,3.46,0,0,1,0,0,0,1,1,0,0,0,0,0
448,1,30000.00,20000.00,10000.00,8,9,0,medium,6.2,8.3,8.88,4.9,0,1,0,0,1,0,0,0,0,1,0,0,0
449,1,nil,-,-,NA,8,1,high,6.2,8.3,8.88,4.9,0,1,0,0,1,0,0,0,0,0,0,0,1
450,0,85000.00,50000.00,35000.00,5,5,0,high,4.02,6.48,7.78,3.22,1,0,0,0,0,1,0,1,0,0,0,0,0
451,1,27000.00,15000.00,12000.00,3,9,1,low,2.81,4.6,-,2.28,0,0,0,1,0,0,1,0,0,1,0,0,0
452,0,55000.00,35000.00,20000.00,5,14,0,medium,2.81,4.6,-,2.28,0,1,0,0,1,0,0,0,0,1,0,0,0
453,0,70000.00,45000.00,25000.00,9,10,1,high,0,3.42,-,0.08,0,0,1,0,0,0,1,0,0,0,0,0,1
454,1,50000.00,25000.00,20000.00,6,12,1,medium,0,3.42,-,0.08,0,1,0,0,1,0,0,0,0,1,0,0,0
455,0,45000.00,30000.00,15000.00,8,3,0,low,3.3,7.24,-,2.75,0,0,1,0,0,1,0,0,0,0,0,0,1
456,0,100000.00,50000.00,45000.00,8,5,1,medium,3.3,7.24,-,2.75,0,1,0,0,1,0,0,1,0,0,0,0,0
457,0,30000.00,15000.00,15000.00,3,10,0,high,3.32,7.25,-,2.75,1,0,0,0,1,0,0,0,0,1,0,0,0
458,1,150000.00,60000.00,70000.00,8,3,1,high,2.78,6.7,-,2.36,0,0,1,0,0,0,1,0,0,1,0,0,0
459,0,80000.00,35000.00,45000.00,4,8,1,low,2.78,6.7,-,2.36,1,0,0,0,0,1,0,1,0,0,0,0,0
460,1,60000.00,20000.00,40000.00,6,6,0,high,2.78,6.7,-,2.35,0,1,0,0,1,0,0,0,0,0,0,0,1
461,1,25000.00,10000.00,15000.00,4,7,1,high,2.78,6.7,-,2.35,0,1,0,0,0,1,0,1,0,0,0,0,0
462,0,75000.00,30000.00,45000.00,7,10,0,low,5.39,6.15,-,5.2,0,0,1,0,1,0,0,0,0,1,0,0,0
463,1,20000.00,10000.00,10000.00,3,15,0,high,5.39,6.15,-,5.2,1,0,0,0,1,0,0,0,0,0,0,0,1
464,0,25000.00,15000.00,10000.00,4,10,1,high,2.78,6.7,-,2.35,1,0,0,0,1,0,0,1,0,0,0,0,0
465,0,50000.00,30000.00,20000.00,8,9,1,medium,1.78,4.79,-,1.62,0,1,0,0,0,1,0,0,0,1,0,0,0
466,1,45000.00,30000.00,15000.00,6,6,0,low,1.78,4.79,-,1.62,0,1,0,0,0,1,0,0,0,1,0,0,0
467,0,80000.00,40000.00,40000.00,8,8,1,low,1.66,4.92,-,1.84,0,0,1,0,0,0,1,1,0,0,0,0,0
468,1,nil,NA,NA,NA,11,1,medium,1.66,4.92,-,1.84,0,0,0,1,0,1,0,0,0,0,0,0,1
469,0,25000.00,15000.00,10000.00,3,10,0,high,0.96,5.89,7.78,1.81,0,0,0,1,1,0,0,1,0,0,0,0,0
470,1,48000.00,30000.00,18000.00,6,5,1,medium,0.96,5.92,-,1.81,0,0,1,0,0,1,0,1,0,0,0,0,0
471,1,55000.00,30000.00,25000.00,5,9,0,low,0.96,5.92,-,1.81,0,1,0,0,0,0,1,0,0,0,0,0,1
472,0,50000.00,30000.00,20000.00,7,5,1,low,3.99,6.56,7.58,1,0,1,0,0,0,0,1,0,0,1,0,0,0
473,0,30000.00,10000.00,20000.00,3,10,1,medium,0.71,5.79,7.7,1.59,0,0,0,1,0,1,0,1,0,0,0,0,0
474,0,35000.00,15000.00,20000.00,4,11,0,low,0.56,5.14,6.88,1.59,0,0,0,1,0,0,1,0,0,1,0,0,0
475,0,36000.00,12000.00,24000.00,2,15,1,low,2.44,13.25,7.85,2.88,0,0,1,0,0,0,1,0,0,1,0,0,0
476,0,50000.00,20000.00,30000.00,6,10,1,high,2.44,13.25,7.85,-1.84,0,1,0,0,1,0,0,0,0,1,0,0,0
477,1,45000.00,20000.00,25000.00,5,3,1,high,2.44,13.25,7.85,-1.84,0,1,0,0,1,0,0,1,0,0,0,0,0
478,1,30000.00,10000.00,20000.00,3,3,1,low,1.63,12.03,24.68,-9.99,0,0,0,1,0,0,1,1,0,0,0,0,0
479,0,48000.00,25000.00,23000.00,5,5,0,medium,1.63,12.03,24.68,-9.99,0,0,1,0,0,1,0,0,0,1,0,0,0
480,0,20000.00,10000.00,10000.00,7,11,1,medium,2.92,13.51,26.22,-9.16,0,1,0,0,0,1,0,0,0,0,0,0,1
481,1,60000.00,25000.00,35000.00,7,13,0,low,2.91,13.5,26.22,-9.16,0,1,0,0,0,0,1,0,0,0,0,0,1
482,0,36000.00,14000.00,22000.00,5,8,0,low,2.91,13.5,26.22,-9.16,0,0,0,1,0,0,1,1,0,0,0,0,0
483,1,62000.00,35000.00,27000.00,5,9,1,high,1.63,12.03,24.68,-9.99,0,0,1,0,1,0,0,0,0,1,0,0,0
484,0,70000.00,30000.00,40000.00,3,5,1,high,3,5.2,-,2.22,0,1,0,0,1,0,0,0,0,1,0,0,0
485,0,23000.00,10000.00,13000.00,2,6,1,high,3,5.2,-,2.22,0,0,1,0,1,0,0,1,0,0,0,0,0
486,0,60000.00,25000.00,35000.00,5,4,0,medium,4.65,7.42,-,3.31,0,0,1,0,0,1,0,0,0,0,0,0,1
487,1,30000.00,15000.00,15000.00,3,8,1,low,2.57,4.71,-,1.91,0,0,0,1,0,0,1,0,0,1,0,0,0
488,0,25000.00,10000.00,15000.00,3,5,1,low,2.57,4.71,-,1.91,0,0,0,1,0,0,1,0,0,0,0,0,1
489,1,30000.00,18000.00,12000.00,2,6,0,low,4.22,6.95,-,3.01,0,0,0,1,0,0,1,1,0,0,0,0,0
490,0,25000.00,10000.00,15000.00,5,11,1,medium,6.38,11.36,15.71,2.04,0,0,0,1,0,1,0,1,0,0,0,0,0
491,0,24000.00,10000.00,14000.00,5,12,0,high,6.38,11.36,15.71,2.04,0,0,0,1,1,0,0,0,0,1,0,0,0
492,1,35000.00,10000.00,25000.00,3,15,1,high,6.38,11.36,15.71,2.04,0,1,0,0,1,0,0,1,0,0,0,0,0
493,0,35000.00,20000.00,15000.00,5,10,1,medium,5.45,10.39,14.72,1.4,0,1,0,0,1,0,0,0,0,1,0,0,0
494,1,35000.00,15000.00,20000.00,6,12,1,medium,5.45,10.39,14.72,1.4,0,0,0,1,0,1,0,0,0,0,0,0,1
495,1,40000.00,20000.00,20000.00,5,15,0,high,5.45,10.39,14.72,1.4,0,0,0,1,0,1,0,1,0,0,0,0,0
496,0,35000.00,20000.00,15000.00,2,8,1,low,6.69,8.97,10.12,5.03,0,0,1,0,0,0,1,1,0,0,0,0,0
497,0,50000.00,30000.00,20000.00,3,9,0,low,5.07,6.69,7.92,3.96,0,1,0,0,0,0,1,0,0,0,0,0,1
498,0,30000.00,20000.00,10000.00,7,2,1,high,4.2,5.77,6.95,3.35,0,0,0,1,1,0,0,0,0,0,0,0,1
499,0,50000.00,20000.00,30000.00,5,10,1,high,4.2,5.77,6.95,3.35,0,1,0,0,0,0,1,0,0,0,0,1,0
500,1,5000.00,2000.00,3000.00,2,5,1,low,0.8,4.95,8.22,-0.14,0,0,0,1,1,0,0,0,0,0,0,1,0
501,1,7000.00,3000.00,4000.00,6,9,0,high,0.8,4.95,8.22,-0.14,0,1,0,0,1,0,0,0,0,0,0,0,1
502,0,50000.00,20000.00,30000.00,6,10,1,high,5.57,10.45,-,NA,0,1,0,0,1,0,0,0,0,0,0,1,0
503,1,45000.00,35000.00,10000.00,5,6,0,medium,5.57,10.45,-,NA,0,0,1,0,0,1,0,0,0,0,0,0,1
504,0,100000.00,60000.00,40000.00,9,3,1,high,5.61,10.5,11.65,NA,0,0,0,1,0,0,1,0,0,0,0,0,1
505,1,200000.00,150000.00,50000.00,5,4,1,high,5.46,10.32,11.56,NA,0,1,0,0,0,0,1,0,0,0,0,1,0
506,0,250000.00,200000.00,50000.00,5,7,1,low,3.53,1.06,4.32,NA,0,1,0,0,1,0,0,0,0,0,0,0,1
507,0,850000.00,50000.00,35000.00,5,4,1,medium,1.92,-0.15,5.88,NA,0,0,1,0,0,1,0,0,0,0,0,1,0
508,0,367000.00,300000.00,67000.00,5,9,1,low,2.04,0.21,8.31,NA,0,0,1,0,0,1,0,0,0,0,0,1,0
509,0,887000.00,750000.00,137000.00,5,10,1,medium,1.6,-0.35,7.75,NA,0,1,0,0,1,0,0,0,0,0,0,0,1
510,0,28000.00,25000.00,3000.00,5,5,1,high,1.57,-0.58,5.36,NA,1,0,0,0,1,0,0,1,0,0,0,0,0
511,0,50000.00,45000.00,5000.00,5,9,1,medium,0.58,-0.48,5.87,NA,0,1,0,0,0,1,0,0,0,1,0,0,0
512,1,nil,NA,NA,5,3,1,low,1.16,-1.43,6.09,NA,0,0,0,1,0,0,1,1,0,0,0,0,0
513,0,100000.00,75000.00,25000.00,7,6,1,medium,0.58,-2.13,5.26,NA,0,1,0,0,0,1,0,0,0,1,0,0,0
514,1,20000.00,15000.00,5000.00,5,11,1,medium,-12.51,1.5,12.18,NA,0,1,0,0,0,1,0,0,0,0,0,0,1
515,0,70000.00,50000.00,20000.00,5,7,0,low,-12.51,1.5,12.18,NA,0,1,0,0,0,0,1,1,0,0,0,0,0
516,1,45000.00,40000.00,5000.00,4,3,1,high,-12.48,1.47,12.11,NA,0,1,0,0,1,0,0,1,0,0,0,0,0
517,0,50000.00,45000.00,5000.00,2,9,1,high,-13,0.62,11.04,NA,0,0,0,1,0,0,1,0,0,0,0,0,1
518,1,30000.00,25000.00,5000.00,7,7,0,low,-13.05,0.6,11.03,NA,0,1,0,0,1,0,0,1,0,0,0,0,0
519,0,60000.00,50000.00,10000.00,3,13,0,medium,1.64,2.71,7.13,NA,0,1,0,0,0,1,0,0,0,1,0,0,0
520,1,50000.00,4000.00,1000.00,4,15,0,high,3.86,4.96,8.62,NA,1,0,0,0,1,0,0,0,0,0,0,0,1
521,1,50000.00,45000.00,5000.00,3,9,0,low,3.27,4.15,7.83,NA,0,1,0,0,0,0,1,0,0,0,0,0,1
522,1,45000.00,35000.00,10000.00,5,6,0,low,1.05,1.91,6.3,NA,0,1,0,0,0,1,0,0,0,1,0,0,0
523,0,37375.00,16818.75,20556.25,8,9,1,low,1.05,1.91,6.3,NA,0,1,0,0,0,0,1,0,0,0,1,0,0
524,1,57909.00,26059.05,31849.95,7,3,1,medium,3.27,4.15,7.83,NA,0,1,0,0,0,0,1,0,0,1,0,0,0
525,1,40000.00,25000.00,20000.00,8,11,1,medium,0.73,1.59,5.35,NA,1,0,0,0,0,0,1,0,0,1,0,0,0
526,1,50000.00,35000.00,15000.00,7,7,0,medium,1.91,2.2,5.26,NA,0,1,0,0,0,0,1,0,0,1,0,0,0
527,1,75000.00,40000.00,35000.00,7,12,0,medium,NA,NA,NA,NA,0,0,0,1,0,0,1,0,0,1,0,0,0
528,1,50000.00,30000.00,20000.00,10,10,1,low,3.72,3.08,7.44,NA,1,0,0,0,0,0,1,0,0,0,1,0,0
529,1,48139.00,21662.55,26476.45,10,6,1,medium,3.33,2.57,6.91,NA,1,0,0,0,0,0,1,0,0,1,0,0,0
530,0,22000.00,12000.00,10000.00,10,7,0,low,3.33,2.57,6.91,NA,0,1,0,0,0,0,1,0,0,1,0,0,0
531,1,52139.00,23462.55,28676.45,10,8,1,medium,3.33,2.57,6.91,NA,1,0,0,0,0,0,1,0,0,1,0,0,0
532,0,41454.00,18654.30,22799.70,8,8,1,medium,3.97,5.64,6.37,NA,1,0,0,0,0,0,1,0,0,1,0,0,0
533,1,44946.00,20225.70,24720.30,10,7,1,low,3.48,4.99,5.73,NA,1,0,0,0,0,0,1,0,0,0,1,0,0
534,1,50000.00,30000.00,20000.00,7,10,1,low,3.97,5.64,6.37,NA,0,0,1,0,0,0,1,0,1,0,0,0,0
535,1,50000.00,30000.00,20000.00,7,6,0,medium,4.8,6.49,6.66,NA,1,0,0,0,0,0,1,1,0,0,0,0,0
536,1,75194.00,33837.30,41356.70,3,14,0,medium,-1.53,2.37,9.81,NA,0,1,0,0,0,1,0,1,0,0,0,0,0
537,0,97927.00,44067.15,53859.85,5,7,1,medium,-1.56,2.34,9.8,NA,1,0,0,0,0,0,1,1,0,0,0,0,0
538,1,68130.00,30658.50,37471.50,6,7,0,medium,-1.57,2.32,9.79,NA,0,0,0,1,0,0,1,1,0,0,0,0,0
539,1,43378.00,19520.10,23857.90,5,12,1,low,-1.57,2.32,9.79,NA,0,1,0,0,1,0,0,0,1,0,0,0,0
540,0,56496.00,25423.20,31072.80,5,12,0,medium,-2.67,0.96,10.93,NA,0,1,0,0,1,0,0,1,0,0,0,0,0
541,0,24756.00,11140.20,13615.80,1,12,0,low,-2.67,0.96,10.93,NA,1,0,0,0,0,0,1,0,0,0,1,0,0
542,0,51280.00,23076.00,28204.00,1,9,0,medium,-0.62,3.12,11.83,NA,0,1,0,0,1,0,0,1,0,0,0,0,0
543,0,36004.00,16201.80,19802.20,6,14,1,high,-3.5,-0.21,10.09,NA,0,0,0,1,0,1,0,0,0,0,0,0,1
544,0,38255.00,17214.75,21040.25,4,11,0,high,-3.5,-0.21,10.09,NA,0,1,0,0,1,0,0,0,0,0,0,0,1
545,0,72700.00,32715.00,39985.00,10,11,1,medium,-1.51,1.86,10.82,NA,1,0,0,0,0,0,1,1,0,0,0,0,0
546,0,55858.00,25136.10,30721.90,2,14,1,medium,-8.39,-3.99,17.89,NA,0,1,0,0,1,0,0,1,0,0,0,0,0
547,1,69752.00,31388.40,38363.60,8,6,0,medium,-8.39,-3.99,17.89,NA,0,0,1,0,0,0,1,1,0,0,0,0,0
548,1,93633.00,42134.85,51498.15,6,9,0,medium,-8.37,-3.99,17.88,NA,1,0,0,0,1,0,0,1,0,0,0,0,0
549,1,21904.00,9856.80,12047.20,3,4,0,medium,-9.25,-5.21,16.7,NA,0,0,1,0,0,1,0,1,0,0,0,0,0
550,0,77525.00,34886.25,42638.75,3,5,0,medium,-9.25,-5.21,16.7,NA,0,0,0,1,1,0,0,1,0,0,0,0,0
551,1,84281.00,37926.45,46354.55,6,9,0,high,-9.23,-5.18,16.7,NA,0,1,0,0,0,1,0,0,0,0,0,0,1
552,1,21004.00,9451.80,11552.20,2,5,0,low,1.85,4.17,8.06,NA,0,0,1,0,0,0,1,0,0,0,1,0,0
553,1,33140.00,14913.00,18227.00,5,15,1,medium,2,2.75,7.6,NA,0,0,0,1,0,0,1,1,0,0,0,0,0
554,1,30065.00,13529.25,16535.75,10,7,0,low,3.57,4.24,7.89,NA,0,0,0,1,0,1,0,0,1,0,0,0,0
555,0,60767.00,27345.15,33421.85,2,3,1,high,2,2.75,7.6,NA,1,0,0,0,0,1,0,0,0,0,0,0,1
556,1,49188.00,22134.60,27053.40,10,13,0,medium,3.57,4.24,7.89,NA,0,0,1,0,0,1,0,0,0,1,0,0,0
557,1,96029.00,43213.05,52815.95,5,9,0,medium,3.79,4.55,8.23,NA,0,0,1,0,0,0,1,1,0,0,0,0,0
558,1,28520.00,12834.00,15686.00,9,15,1,medium,3.57,4.24,7.89,NA,1,0,0,0,0,1,0,1,0,0,0,0,0
559,1,85004.00,38251.80,46752.20,2,8,0,low,1.93,2.55,5.96,NA,0,1,0,0,0,1,0,0,0,0,1,0,0
560,0,36455.00,16404.75,20050.25,10,15,0,medium,1.71,2.25,5.49,NA,0,0,1,0,0,0,1,1,0,0,0,0,0
561,1,99954.00,44979.30,54974.70,9,12,0,medium,1.93,2.55,5.96,NA,0,1,0,0,1,0,0,1,0,0,0,0,0
562,1,60572.00,27257.40,33314.60,3,3,0,medium,1.71,2.25,5.49,NA,1,0,0,0,0,1,0,0,0,1,0,0,0
563,0,29338.00,13202.10,16135.90,7,14,1,low,2.29,2.58,5.77,NA,0,1,0,0,1,0,0,0,0,0,1,0,0
564,1,31002.00,13950.90,17051.10,1,12,1,high,6.35,9.21,4.92,NA,0,1,0,0,1,0,0,0,0,0,0,0,1
565,1,22008.00,9903.60,12104.40,6,11,1,low,6.74,8.57,4.86,NA,0,1,0,0,0,1,0,0,0,0,1,0,0
566,0,41724.00,18775.80,22948.20,8,8,1,medium,9.08,9.84,6.4,NA,0,1,0,0,0,0,1,1,0,0,0,0,0
567,0,84116.00,37852.20,46263.80,10,15,0,medium,9.48,10.3,6.86,NA,1,0,0,0,1,0,0,1,0,0,0,0,0
568,0,25183.00,11332.35,13850.65,7,4,0,medium,5.51,7.95,8.47,NA,0,0,0,1,1,0,0,0,0,1,0,0,0
569,1,21563.00,9703.35,11859.65,8,6,1,medium,9.7,9.39,-,NA,0,1,0,0,0,0,1,1,0,0,0,0,0
570,1,21409.00,9634.05,11774.95,6,13,0,medium,4.17,7.45,-,NA,0,1,0,0,0,1,0,1,0,0,0,0,0
571,1,41942.00,18873.90,23068.10,10,8,0,medium,9.7,9.39,-,NA,0,1,0,0,0,0,1,1,0,0,0,0,0
572,0,53726.00,24176.70,29549.30,10,6,0,medium,4.17,7.45,-,NA,0,0,0,1,0,0,1,1,0,0,0,0,0
573,0,33026.00,14861.70,18164.30,3,4,1,medium,4.9,7.77,8.73,NA,0,0,1,0,0,1,0,0,0,1,0,0,0
574,1,61004.00,27451.80,33552.20,10,11,0,high,2.3,5.11,6.1,NA,0,0,0,1,1,0,0,0,0,0,0,0,1
575,0,54344.00,24454.80,29889.20,10,3,1,medium,2.3,5.11,6.1,NA,0,0,1,0,0,0,1,1,0,0,0,0,0
576,0,87778.00,39500.10,48277.90,2,4,0,high,4.76,7.65,8.61,NA,0,0,1,0,0,1,0,0,0,0,0,0,1
577,1,69428.00,31242.60,38185.40,9,3,0,medium,0.91,4.58,5.74,NA,0,0,1,0,0,0,1,0,0,1,0,0,0
578,1,77297.00,34783.65,42513.35,1,3,0,medium,0.91,4.58,5.74,NA,0,0,1,0,1,0,0,1,0,0,0,0,0
579,1,91519.00,41183.55,50335.45,7,14,1,medium,46.94,14.61,18.64,NA,0,1,0,0,0,1,0,0,0,1,0,0,0
580,0,29052.00,13073.40,15978.60,1,13,1,medium,46.94,14.61,18.64,NA,0,1,0,0,0,0,1,1,0,0,0,0,0
581,1,81845.00,36830.25,45014.75,4,14,0,medium,45.88,13.77,16.48,NA,0,1,0,0,0,1,0,0,0,1,0,0,0
582,1,94542.00,42543.90,51998.10,3,5,0,high,45.88,13.77,16.48,NA,0,0,0,1,0,1,0,0,0,0,0,0,1
583,0,56735.00,25530.75,31204.25,1,10,0,medium,47.88,14.33,18.18,NA,1,0,0,0,1,0,0,1,0,0,0,0,0
584,1,87923.00,39565.35,48357.65,9,4,1,medium,49.35,15.22,19.12,NA,1,0,0,0,0,1,0,0,0,1,0,0,0
585,0,50578.00,22760.10,27817.90,7,12,1,medium,-5.08,5.22,14.32,NA,0,0,0,1,0,1,0,1,0,0,0,0,0
586,0,59795.00,26907.75,32887.25,8,7,1,medium,-4.16,6.22,15.36,NA,0,0,1,0,0,0,1,1,0,0,0,0,0
587,0,68960.00,31032.00,37928.00,10,15,1,medium,-5.08,5.22,14.32,NA,1,0,0,0,0,1,0,1,0,0,0,0,0
588,1,47478.00,21365.10,26112.90,8,14,0,high,-4.16,6.22,15.36,NA,0,0,0,1,1,0,0,0,0,0,0,0,1
589,1,36669.00,16501.05,20167.95,1,6,0,medium,-4.89,5.38,14.47,NA,0,0,0,1,0,1,0,1,0,0,0,0,0
590,0,28554.00,12849.30,15704.70,8,14,1,medium,-,-,-,NA,0,0,0,1,1,0,0,1,0,0,0,0,0
591,0,66326.00,29846.70,36479.30,7,9,0,medium,-0.04,6.18,8.43,NA,0,0,1,0,0,1,0,1,0,0,0,0,0
592,0,53733.00,24179.85,29553.15,3,8,0,medium,-0.93,5.66,-,NA,0,0,1,0,0,0,1,1,0,0,0,0,0
593,1,40795.00,18357.75,22437.25,4,8,0,high,-0.93,5.66,-,NA,0,0,0,1,1,0,0,0,0,0,0,0,1
594,0,89536.00,40291.20,49244.80,7,10,1,medium,-1.96,4.82,-,NA,0,0,0,1,0,0,1,1,0,0,0,0,0
595,0,31464.00,14158.80,17305.20,9,10,0,medium,-1.96,4.82,-,NA,0,0,0,1,1,0,0,1,0,0,0,0,0
596,1,77353.00,34808.85,42544.15,10,3,0,medium,-0.04,6.18,8.43,NA,0,0,1,0,1,0,0,1,0,0,0,0,0
597,0,25962.00,11682.90,14279.10,5,7,0,high,-2.05,3.91,6.11,NA,0,0,0,1,0,1,0,0,0,0,0,0,1
598,0,68015.00,30606.75,37408.25,4,3,1,medium,-2.05,3.91,6.11,NA,0,0,1,0,0,1,0,1,0,0,0,0,0
599,1,59538.00,26792.10,32745.90,2,5,1,medium,-0.83,3.59,5.56,NA,0,1,0,0,0,1,0,0,0,1,0,0,0
600,1,27176.00,12229.20,14946.80,5,9,0,low,0.46,6.83,9.05,NA,1,0,0,0,1,0,0,0,1,0,0,0,0
601,1,61387.00,27624.15,33762.85,1,7,0,high,-1.56,4.54,6.71,NA,1,0,0,0,0,1,0,0,0,0,0,0,1
602,0,61538.00,27692.10,33845.90,9,8,0,low,-1.56,4.54,6.71,NA,0,0,1,0,0,1,0,0,1,0,0,0,0
603,0,76239.00,34307.55,41931.45,6,11,1,medium,-1.34,3.86,5.96,NA,1,0,0,0,1,0,0,1,0,0,0,0,0
604,0,55897.00,25153.65,30743.35,5,15,1,medium,-1.34,3.86,5.96,NA,0,0,0,1,0,1,0,1,0,0,0,0,0
605,0,82451.00,37102.95,45348.05,4,4,1,low,0.61,12.51,21.43,NA,0,0,1,0,1,0,0,0,0,0,1,0,0
606,0,67170.00,30226.50,36943.50,3,13,0,medium,2.6,14.24,23.05,NA,1,0,0,0,1,0,0,1,0,0,0,0,0
607,0,75836.00,34126.20,41709.80,7,8,1,low,0.61,12.51,21.43,NA,1,0,0,0,1,0,0,0,0,0,1,0,0
608,0,29059.00,13076.55,15982.45,1,3,1,medium,2.6,14.24,23.05,NA,0,0,0,1,0,0,1,1,0,0,0,0,0
609,0,57765.00,25994.25,31770.75,6,9,1,medium,1.43,13.04,21.84,NA,0,0,0,1,1,0,0,1,0,0,0,0,0
610,0,46001.00,20700.45,25300.55,2,5,1,medium,2.64,14.24,23.04,NA,0,0,1,0,1,0,0,1,0,0,0,0,0
611,0,38865.00,17489.25,21375.75,1,13,1,medium,0.08,9.37,16.33,NA,0,0,0,1,0,0,1,1,0,0,0,0,0
612,1,91741.00,41283.45,50457.55,8,14,1,high,1.45,10.85,17.78,NA,0,0,1,0,0,1,0,0,0,0,0,0,1
613,1,80009.00,36004.05,44004.95,1,12,1,medium,4.72,14.16,20.85,NA,1,0,0,0,1,0,0,1,0,0,0,0,0
614,0,64985.00,29243.25,35741.75,1,9,0,medium,-12.31,8.09,19.7,NA,0,1,0,0,0,0,1,1,0,0,0,0,0
615,0,75035.00,33765.75,41269.25,4,12,0,high,-12.44,8.04,19.75,NA,0,0,1,0,0,1,0,0,0,0,0,0,1
616,0,80498.00,36224.10,44273.90,6,3,1,low,-13.1,7.28,18.55,NA,1,0,0,0,1,0,0,0,0,0,1,0,0
617,1,29027.00,13062.15,15964.85,3,4,0,medium,-13.1,7.28,18.55,NA,0,0,1,0,1,0,0,1,0,0,0,0,0
618,1,77864.00,35038.80,42825.20,2,10,0,high,-13.29,7.2,18.8,NA,0,0,1,0,0,1,0,0,0,0,0,0,1
619,0,54181.00,24381.45,29799.55,4,6,0,medium,23.38,9.16,6.04,NA,1,0,0,0,1,0,0,1,0,0,0,0,0
620,1,95715.00,43071.75,52643.25,4,11,1,medium,28,12.11,8.45,NA,0,0,1,0,0,1,0,0,0,1,0,0,0
621,1,53728.00,24177.60,29550.40,2,5,1,medium,23.38,9.16,6.04,NA,0,0,0,1,1,0,0,1,0,0,0,0,0
622,0,20702.00,9315.90,11386.10,10,12,1,medium,28,12.11,8.45,NA,0,1,0,0,0,0,1,0,0,1,0,0,0
623,0,26304.00,11836.80,14467.20,2,7,0,medium,27.39,11.56,7.92,NA,0,1,0,0,1,0,0,1,0,0,0,0,0
624,1,46936.00,21121.20,25814.80,10,4,0,high,28,12.11,8.45,NA,0,1,0,0,0,0,1,0,0,0,0,0,1
625,1,22435.00,10095.75,12339.25,3,10,0,high,2.41,9.42,12.65,NA,0,0,1,0,1,0,0,0,0,0,0,0,1
626,1,98245.00,44210.25,54034.75,8,11,1,medium,3.56,10.2,13.37,NA,0,0,1,0,0,0,1,1,0,0,0,0,0
627,1,91467.00,41160.15,50306.85,10,4,1,low,2.41,9.42,12.65,NA,0,0,1,0,1,0,0,0,0,0,1,0,0
628,1,96999.00,43649.55,53349.45,5,5,0,medium,3.56,10.2,13.37,NA,0,0,1,0,1,0,0,1,0,0,0,0,0
629,0,25623.00,11530.35,14092.65,5,7,0,medium,3.84,9.92,12.96,NA,0,1,0,0,0,1,0,1,0,0,0,0,0
630,0,93597.00,42118.65,51478.35,9,13,1,low,4.38,10.49,13.56,NA,1,0,0,0,0,1,0,0,0,0,1,0,0
631,0,93352.00,42008.40,51343.60,2,7,1,medium,4.68,5.08,5.71,NA,1,0,0,0,0,1,0,1,0,0,0,0,0
632,1,30419.00,13688.55,16730.45,1,3,0,medium,7.36,7.42,8.01,NA,0,0,1,0,1,0,0,1,0,0,0,0,0
633,1,96461.00,43407.45,53053.55,9,14,1,medium,7.2,7.49,8.45,NA,0,0,1,0,0,1,0,1,0,0,0,0,0
634,1,63172.00,28427.40,34744.60,8,14,0,medium,7.2,7.49,8.45,NA,1,0,0,0,0,1,0,1,0,0,0,0,0
